section/core,section_m,d13C,d18O,d13C_org,d18O_org,TOC,lithology
C215,0.3,-8.7,-13,,,,limestone
C215,0.5,-8.6,-12.6,,,,limestone
C215,12.3,-8.8,-12.5,-23.9,15.1,0.011,limestone
C215,13.9,-8.7,-11.7,,,,limestone
C215,14.9,-8.6,-12.3,,,,limestone
C215,14.9,-8.5,-12.8,,,,limestone
C215,15.5,-8.5,-12.5,,,,limestone
C215,16.2,-8.4,-12.7,,,,limestone
C215,17.1,-8.6,-12.9,,,,limestone
C215,25,-8.6,-12.9,-26.4,17.7,0.005,limestone
C215,27.4,-8.6,-12.4,,,,limestone
C215,34.1,-8.2,-12.6,,,,limestone
C215,34.5,-8.2,-12.6,,,,limestone
C215,34.8,-8.1,-12.6,-25.4,17.3,0.005,limestone
C215,36.1,-8.6,-11.8,,,,limestone
C215,36.4,-8.7,-12.6,,,,limestone
C215,38.3,-9.5,-12.1,-24.4,14.9,0.016,limestone
C215,46.5,-8.5,-12.8,,,,limestone
C215,47.7,-8.7,-12.1,,,,limestone
C215,48.3,-8.8,-12.6,,,,limestone
C215,54.8,-8.4,-11.8,,,,limestone
C215,55.9,-8.6,-12.2,,,,limestone
C215,56.2,-8.8,-11.2,,,,limestone
C215,56.2,-8.3,-12.2,,,,limestone
C215,56.3,-8.8,-12.5,,,,limestone
C215,57.7,-8.3,-12.4,,,,limestone
C215,59.4,-9,-11.9,,,,limestone
C215,61.7,-8.6,-12.1,,,,limestone
C215,63.4,-9.7,-12.3,,,,limestone
C215,63.8,-8.8,-12.2,,,,limestone
C215,64.9,-9.5,-11.9,-23.2,13.7,0.013,limestone
C215,67.1,-8.6,-12.2,,,,limestone
C215,67.9,-8.5,-12.1,,,,limestone
C215,68.6,-8.8,-11.6,,,,limestone
C215,71.9,-8.1,-11.6,-23.9,15.8,0.013,limestone
C215,72.9,-8.7,-12.1,,,,limestone
C215,73.3,-8.3,-12,,,,limestone
C215,74.5,-8.2,-12.2,,,,limestone
C215,75.3,-8.1,-11.8,,,,limestone
C215,76.5,-8.2,-12.2,,,,limestone
C215,77,-8.3,-12.1,-26.4,18.2,0.007,limestone
C215,79.5,,,-26.2,,0.012,limestone
C215,77.3,-8.5,-12.1,,,,limestone
C215,80.5,-8.3,-11.2,,,,limestone
C215,81.2,-8.9,-10.3,,,,limestone
C215,81.5,-8.8,-11.9,,,,limestone
C215,82.3,-8.9,-12,-27.5,18.6,0.012,limestone
C215,82.6,-9.4,-11.7,,,,limestone
C215,87.3,-8.3,-11.7,,,,limestone
C215,89.4,-8.9,-11.5,,,,limestone
C215,91.5,-8.6,-11.3,,,,limestone
C215,93.7,-8.7,-11.9,,,,limestone
C215,94.6,-8.7,-11.9,,,,limestone
C215,97,-8.6,-11.9,,,,limestone
C215,98.2,-8.3,-11.7,,,,limestone
C215,99.2,-8.1,-11.7,,,,limestone
C215,100.1,-8.4,-11.8,,,,limestone
C215,100.7,-9.2,-11.4,,,,limestone
C215,101.4,-8.8,-11.3,-24.2,15.4,0.016,limestone
C215,103.8,-9.6,-11.6,,,,limestone
C215,106.5,-8.1,-11.1,,,,limestone
C215,107.4,-7.9,-10.6,,,,limestone
C215,108.3,-8.5,-9.4,,,,limestone
C215,109,-9.8,-7.7,-24.3,14.6,0.009,limestone
C215,117.8,-8.3,-11.4,,,,limestone
C215,118.4,-8.1,-10.8,,,,limestone
C215,122.4,-7.7,-11.3,,,,limestone
C215,124,-7.5,-11.3,,,,limestone
C215,124.8,-7.7,-11.2,,,,limestone
C215,125.8,-7.5,-10.9,,,,limestone
C215,126.6,-7.5,-9.5,,,,limestone
C215,127.1,-7.5,-8.9,-27.9,20.4,0.009,limestone
C215,127.8,-7.7,-10.5,,,,limestone
C215,128.6,-7.4,-8.5,,,,limestone
C215,129.8,-7.6,-8.5,,,,limestone
C215,130.8,-7.9,-9.6,,,,limestone
C215,131.6,-8,-8.9,,,,limestone
C215,132.5,-7.7,-8.7,,,,limestone
C215,133.1,-7.7,-9.1,,,,limestone
C215,134.2,-7.7,-8.6,,,,limestone
C215,135.2,-7.4,-10.2,,,,limestone
C215,136,-7.6,-10.4,,,,limestone
C215,136.8,-7.6,-10.2,,,,limestone
C215,137,-7.6,-9.8,-24.9,17.3,0.006,limestone
C215,138.1,-7.5,-9.1,,,,limestone
C215,138.6,-7.2,-10.2,,,,limestone
C215,139.6,-7.3,-10.2,-25,17.7,0.011,limestone
C215,142.7,-7.4,-10,,,,limestone
C215,148.3,-7.7,-8.6,-30.1,22.5,0.014,limestone
C215,149.5,-7.2,-9.9,,,,limestone
C215,150.2,-7.3,-9.9,,,,limestone
C215,152.2,-7.1,-9.2,,,,limestone
C215,153.8,-7.4,-8.8,,,,limestone
C215,155,-7.3,-8.6,-27,19.8,0.007,limestone
C215,155.7,-7.4,-7.6,,,,limestone
C215,156.4,-7.3,-9.2,,,,limestone
C215,156.7,-6.8,-9.4,,,,limestone
C215,157.2,-6.8,-9.3,,,,limestone
C215,157.7,-6.7,-9.5,,,,limestone
C215,158.5,-6.7,-9.6,,,,limestone
C215,159.9,-6.6,-9.6,-24.8,18.3,0.008,limestone
C215,160.5,-6.6,-9.5,,,,limestone
C215,161,-6.7,-9.3,,,,limestone
C215,162.3,-6.4,-9.6,,,,limestone
C215,162.9,-6.2,-9.6,,,,limestone
C215,165.7,-6.5,-9.5,-26,19.5,0.011,limestone
C215,166.4,-6.5,-9.7,,,,limestone
C215,167.3,-6.4,-9.5,,,,limestone
C215,167.6,-6.3,-9.4,,,,limestone
C215,168.4,-6.9,-9.5,-26.5,19.5,0.009,limestone
C215,169.8,-6.4,-9.5,,,,limestone
C215,170.5,-6.4,-9.4,,,,limestone
C215,171.4,-6.4,-9.6,,,,limestone
C215,172.4,-6.1,-9.4,,,,limestone
C215,173.1,-6.1,-9.6,,,,limestone
C215,174.1,-6.1,-9.5,,,,limestone
C215,175.1,-6.3,-9.7,,,,limestone
C215,175.3,-6,-9.6,,,,limestone
C215,175.4,-6.2,-9.5,-26.1,19.8,0.009,limestone
C215,176.5,-6,-9.6,,,,limestone
C215,177.8,-6,-9.6,,,,limestone
C215,179,-5.8,-9.4,,,,limestone
C215,180.6,-5.9,-9.6,,,,limestone
C215,181,-5.9,-9.6,,,,limestone
C215,181.3,-5.7,-8.7,,,,limestone
C215,182.4,-5.9,-8.8,,,,limestone
C215,183.6,-5.8,-8.6,,,,limestone
C215,184.6,-6.2,-9.4,-23.7,17.5,0.013,limestone
C215,185.3,-6.2,-9.6,,,,limestone
C215,186.3,-6.1,-9.4,,,,limestone
C215,187,-6.1,-9.5,,,,limestone
C215,188.4,-5.9,-9.5,-25.2,19.3,0.012,limestone
C215,189.7,-5.7,-9.6,,,,limestone
C215,190.6,-5.5,-9.3,,,,limestone
C215,191.7,-5.6,-9.5,,,,limestone
C215,192.5,-5.8,-9.3,,,,limestone
C215,193,-5.9,-9.4,,,,limestone
C215,193.3,-5.9,-9.5,-25.2,19.3,0.009,limestone
C215,194.1,-5.7,-9.6,,,,limestone
C215,195.1,-5.7,-8.1,,,,limestone
C215,196.8,-5.9,-9.3,-25.2,19.3,0.004,limestone
C215,197.1,-5.5,-9.4,,,,limestone
C215,197.6,-5.5,-9.6,,,,limestone
C215,198.8,-5.5,-9.6,,,,limestone
C215,199.7,-5.4,-8.9,,,,limestone
C215,200.8,-5.5,-9.6,-24.8,19.2,0.007,limestone
C215,201.7,-5.3,-9.4,,,,limestone
C215,201.9,-5.5,-9.1,,,,limestone
C215,203.1,-5.2,-9.1,,,,limestone
C215,204.1,-5.7,-8.7,,,,limestone
C215,205.1,-5.6,-8.9,,,,limestone
C215,206.6,-6.2,-8.2,,,,limestone
C215,206.7,-5.1,-9.1,-26.2,21.1,0.014,limestone
C215,207.5,-5.4,-8.9,-25.7,20.3,0.009,limestone
C215,208.5,-5.4,-8.9,,,,limestone
C215,209.6,-5.5,-9.3,,,,limestone
C215,211.1,-4.7,-9.5,,,,limestone
C215,212.1,-5,-10,,,,limestone
C215,212.8,-4.8,-9.6,,,,limestone
C215,213.5,-4.8,-9.9,,,,limestone
C215,214.2,-5.3,-9.6,-25.4,20.1,0.007,limestone
C215,215.1,-4.8,-8.8,,,,limestone
C215,216.1,-5.3,-9.8,,,,limestone
C215,216.9,-5.3,-10,,,,limestone
C215,217.9,-5.1,-8.4,-23.5,18.4,0.011,limestone
C215,219.8,-4.9,-9.8,,,,limestone
C215,221.1,-4.6,-9.7,,,,limestone
C215,222.5,-4.7,-10,,,,limestone
C215,223.5,-4.5,-9.9,-24,19.5,0.006,limestone
C215,224.4,-5.2,-8.1,,,,limestone
C215,224.7,-4.5,-9.2,-25.6,19.3,0.005,limestone
C215,224.9,-4.5,-8.3,,,,limestone
C215,226.9,-4.9,-8.6,,,,limestone
C215,228.1,-4.5,-9.5,,,,limestone
C215,228.8,-4.5,-9.4,,,,limestone
C215,229.3,-4.7,-9,,,,limestone
C215,231.1,-4.2,-9.6,-25.9,21.7,0.008,limestone
C215,232.1,-4.7,-8.2,,,,limestone
C215,233.3,-4.1,-9.4,,,,limestone
C215,234,-4.1,-9.4,,,,limestone
C215,234.5,-4.2,-9.6,,,,limestone
C215,235.2,-4.2,-9.4,,,,limestone
C215,236.5,-4.1,-9.6,-24.9,20.9,0.008,limestone
C215,237.5,-4.1,-9.9,,,,limestone
C215,238.6,-3.9,-9.4,,,,limestone
C215,239.7,-3.7,-9.3,,,,limestone
C215,241.1,-3.7,-9.3,,,,limestone
C215,242.3,-3.8,-10,,,,limestone
C215,243,-3.7,-10.1,,,,limestone
C215,243.9,-3.7,-10,-24.7,21,0.011,limestone
C215,245,-3.6,-10,,,,limestone
C215,246,-3.6,-9.7,,,,limestone
C215,247.2,-3.7,-10.2,,,,limestone
C215,247.9,-3.5,-9.8,,,,limestone
C215,248.9,-3.6,-10.1,-24.5,20.9,0.009,limestone
C215,249.9,-3.9,-9.8,,,,limestone
C215,250.9,-3.4,-9.3,,,,limestone
C215,251.9,-3.6,-10.4,,,,limestone
C215,252.9,-3.6,-10.2,,,,limestone
C215,254,-3.7,-10.2,-24.1,20.4,0.008,limestone
C215,255,-4.3,-10.5,,,,limestone
C215,255.6,-3.4,-10.4,-23.5,20.1,0.008,limestone
C215,256.7,-3.1,-10.4,,,,limestone
C215,257.5,-3.3,-10,,,,limestone
C215,258.4,-3.1,-10.1,,,,limestone
C215,259.6,-3.3,-10.2,-23.7,20.5,0.007,limestone
C215,261,-3.5,-10.8,,,,limestone
C215,261.7,-2.9,-10.6,,,,limestone
C215,262.7,-3.1,-10.7,,,,limestone
C215,263.6,-3.5,-9.6,,,,limestone
C215,264.4,-3.4,-10.7,-25.7,22.4,0.017,limestone
C215,265.2,-3.2,-10.6,,,,limestone
C215,266.2,-3.3,-10.6,-25.2,21.9,0.013,limestone
C215,266.5,-3.3,-10.8,,,,limestone
C215,266.8,-3.3,-10.9,,,,limestone
C215,267.3,-3.3,-10.9,,,,limestone
C215,268.4,-3.4,-11,,,,limestone
C215,268.9,-3.6,-11.1,,,,limestone
C215,269.4,-3.8,-12.2,,,,limestone
C215,270.5,-3.4,-12.5,-24.8,22,0.018,limestone
C215,271.4,-3.4,-12.6,,,,limestone
C215,271.6,-3.5,-12.7,,,,limestone
C215,300,-5,-9.6,-26.6,21.6,0.015,limestone
C227,0.2,9,-9.6,,,,limestone
C227,1.1,8.7,-9.9,,,,limestone
C227,2,8.7,-9.8,,,,limestone
C227,2.6,8.3,-9.9,,,,limestone
C227,3.3,8.3,-10.6,,,,limestone
C227,4.3,8.7,-8.5,,,,limestone
C227,5.3,8.3,-11.3,,,,limestone
C227,8.5,7.1,-9.9,,,,limestone
C227,9.7,7.1,-10.3,-23.5,30.7,0.01,limestone
C227,11,8.1,-9.9,,,,limestone
C227,12.9,6.9,-9.5,,,,limestone
C227,14,6.6,-9.4,,,,limestone
C227,15,7.6,-10.1,,,,limestone
C227,15.6,7.2,-9.9,,,,limestone
C227,17,7.1,-9.5,,,,limestone
C227,18.5,7.9,-9.5,,,,limestone
C227,20,8.9,-6.5,,,,limestone
C227,21.1,8.4,-9.7,,,,limestone
C227,22.2,7.5,-9.5,,,,limestone
C227,23.5,6.9,-7.9,,,,limestone
C227,24.8,8.3,-9.8,,,,limestone
C227,26.1,8,-9.4,,,,limestone
C227,27.3,7.9,-9.8,,,,limestone
C227,28.6,7.4,-11.1,,,,limestone
C227,29.7,6.2,-9.2,,,,limestone
C227,30.8,7.7,-9.3,,,,limestone
C227,31.9,8.1,-9.7,,,,limestone
C227,33.1,7.7,-9.8,,,,limestone
C227,34.2,8.2,-9.5,,,,limestone
C227,35.4,7.2,-9.6,,,,limestone
C227,36.4,8.5,-9.6,-23.5,32.2,0.014,limestone
C227,37.6,8.8,-9.3,,,,limestone
C227,38.3,7.7,-9.8,,,,limestone
C227,39.5,7.7,-9.8,,,,limestone
C227,40.6,7,-9.5,,,,limestone
C227,41.8,6.4,-9.2,,,,limestone
C227,43,6.7,-10.3,,,,limestone
C227,44.6,7.3,-9.9,,,,limestone
C227,45.6,8,-10.2,,,,limestone
C227,46.7,8.2,-10,,,,limestone
C227,47.7,7.2,-7.2,,,,limestone
C227,48.6,8.5,-10.6,,,,limestone
C227,50.3,8.5,-10.6,,,,limestone
C227,51.4,8.2,-10.6,,,,limestone
C227,52.4,6.8,-10.9,-21.6,28.4,0.012,limestone
C227,54.1,6.3,-10.3,,,,limestone
C227,55.1,6.7,-11.6,,,,limestone
C227,56.1,5.9,-8,,,,limestone
C227,57.8,6.2,-10.6,,,,limestone
C227,58.7,6.9,-9,,,,limestone
C227,60.7,5.5,-10.7,,,,limestone
C227,61.6,7.3,-11.1,,,,limestone
C227,62.8,5.8,-11,,,,limestone
C227,77.2,7.8,-10.8,,,,limestone
C227,77.6,7.3,-11,-24.2,31.5,0.021,limestone
C227,85.2,6,-9.7,,,,limestone
C227,86.4,9.8,-8.3,,,,limestone
C227,87.7,9.4,-8.4,,,,limestone
C227,89.1,9.8,-6.6,,,,limestone
C227,90.3,9.7,-8.2,,,,limestone
C227,91.5,9.9,-9.1,,,,limestone
C227,92.7,9.6,-10.4,-20,29.6,0.018,limestone
C227,93.5,8.3,-10.3,,,,limestone
C227,95.9,8.6,-10.4,,,,limestone
C227,97.2,8.6,-10.4,,,,limestone
C227,98.8,8.8,-10.2,,,,limestone
C227,99.8,8.9,-9.2,,,,limestone
C227,101,9.2,-9.4,,,,limestone
C227,101.9,7.9,-6.8,,,,limestone
C227,103,8.1,-6.1,,,,limestone
C227,104,8.7,-6,,,,limestone
C227,105.1,9.9,-4.5,,,,limestone
C227,106.4,9.8,-4.9,,,,limestone
C227,107.8,9.7,-4,,,,limestone
C227,108.8,9.6,-4.1,,,,limestone
C227,109.9,9.7,-4.3,,,,limestone
C227,110,9.5,-4.3,,,,limestone
C227,112.1,9.5,-4.6,,,,limestone
C227,112.5,9.5,-4.9,,,,limestone
C227,113.8,9.6,-4.9,,,,limestone
C227,115.2,9.4,-5.6,,,,limestone
C227,116.2,8.7,-6.7,,,,limestone
C227,117.4,9.2,-6.6,,,,limestone
C227,118.6,9.3,-6.2,,,,limestone
C227,119.6,9.3,-6.7,,,,limestone
C227,120.9,9.2,-6.2,,,,limestone
C227,121.9,9.4,-4.4,,,,limestone
C227,122.9,9,-4.5,-21.2,30.2,0.015,limestone
C227,123.9,9.5,-4.2,,,,limestone
C227,125,9.6,-4.2,,,,limestone
C227,126.2,9.6,-3.8,,,,limestone
C227,127.2,9.5,-4.1,,,,limestone
C227,128.1,9.5,-5,,,,limestone
C227,129.1,9.4,-4.4,,,,limestone
C227,130.1,8.7,-4.8,,,,limestone
C227,130.8,8.2,-5.5,,,,limestone
C227,131.8,8.2,-6.9,,,,limestone
C227,132.8,8.4,-7.2,,,,limestone
C227,133.7,9.1,-3.3,,,,limestone
C227,134.8,9.1,-5,-21.5,30.6,0.038,limestone
C227,135.8,8.9,-5.6,-21.5,30.4,0.038,limestone
C227,136.3,9,-4.7,,,,limestone
C227,137.3,9,-4.2,,,,limestone
C227,138.4,9,-5.8,,,,limestone
C227,139.8,7.8,-5.5,,,,limestone
C227,141.4,7.5,-7.9,,,,limestone
C227,142.4,8.4,-8.5,,,,limestone
C227,143,8.3,-8.2,,,,limestone
C227,144.2,8.6,-7.8,,,,limestone
C227,145.2,8.5,-6.9,,,,limestone
C227,146.3,6.6,-8.5,,,,limestone
C227,146.6,0.2,-7.3,-26,26.2,0.017,limestone
C227,147.6,8,-9.9,,,,limestone
C227,149.6,7.9,-9,,,,limestone
C227,150.1,8.3,-9.6,,,,limestone
C227,153.8,3.5,-5.5,,,,limestone
C227,208.2,5.4,-10.7,,,,limestone
C227,212.8,0.4,-9.2,,,,limestone
C227,214.1,8.2,-7,,,,limestone
C227,214.9,7,-7.4,-24.4,31.5,0.017,limestone
C227,215.9,8.2,-6.5,,,,limestone
C227,217.6,8.6,-6.4,,,,limestone
C227,219,8.2,-6.7,,,,limestone
C227,220.4,6.1,-5.2,,,,limestone
C227,221.7,5.6,-5.4,,,,limestone
C227,222.7,8.9,-3.5,-21.6,30.5,0.023,limestone
C227,223.9,8.3,-4.2,,,,limestone
C227,225.1,8.9,-4.2,,,,limestone
C227,226.4,8.1,-5.4,,,,limestone
C227,227.6,8.9,-4.5,,,,limestone
C227,228.7,8.6,-3.7,,,,limestone
C227,229.7,9,-3.8,,,,limestone
C227,230.7,4.5,-6.4,,,,limestone
C227,231.5,8.3,-5,,,,limestone
C227,232.7,8.9,-4.4,,,,limestone
C227,233.5,8.4,-4.5,,,,limestone
C227,234.5,9,-4.7,,,,limestone
C227,235.5,9,-4.7,,,,limestone
C227,236.6,8.1,-5,,,,limestone
C227,237.6,8.3,-5.1,,,,limestone
C227,238.7,7.6,-5.1,-23.2,30.7,0.014,limestone
C227,240,8.8,-6.2,,,,limestone
C227,240.9,8.6,-6.6,,,,limestone
C227,246,7.8,-4.9,,,,limestone
C227,247.3,9,-6.8,,,,limestone
C227,248.2,8.8,-6.7,,,,limestone
C227,249.1,9.2,-6.8,,,,limestone
C227,250.3,9.3,-7.1,,,,limestone
C227,251.5,9,-6.8,,,,limestone
C227,252.5,9.3,-7,,,,limestone
C227,253.8,8.8,-6.2,,,,limestone
C227,256.3,8.7,-6.3,,,,limestone
C227,257.3,9.5,-7.2,,,,limestone
C227,258.4,8.6,-6.1,,,,limestone
C227,259.2,9,-6.7,,,,limestone
C227,260.6,8.2,-5.6,,,,limestone
C227,262.1,8.1,-6.3,-23.1,31.3,0.005,limestone
C227,262.9,9,-6.9,,,,limestone
C227,264.1,7.3,-7,,,,limestone
C227,265.1,5.6,-6.6,,,,limestone
C227,266.1,9.2,-6.4,,,,limestone
C227,267.2,8.3,-5.6,,,,limestone
C227,268.2,7,-6.1,-23.4,30.4,0.011,limestone
C227,269.2,7.1,-6.9,,,,limestone
C227,270.4,7.5,-6.9,,,,limestone
C227,271.3,7.5,-6.8,,,,limestone
C227,272.4,9.5,-6.4,,,,limestone
C227,273.8,8,-5.1,,,,limestone
C227,274.8,7.9,-6.5,,,,limestone
C227,275,8.4,-6.3,,,,limestone
C227,276,9.5,-6.5,-25.9,35.4,0.006,limestone
C227,276.9,9,-6.1,,,,limestone
C227,277.9,8.5,-5,,,,limestone
C227,278.5,9.3,-5,,,,limestone
C227,278.7,9.4,-5.3,,,,limestone
C227,279.8,9,-6.8,,,,limestone
C227,280.9,8.3,-5.6,,,,limestone
C227,281.9,8.5,-5.2,,,,limestone
C227,282.9,8.7,-3.9,,,,limestone
C227,283.9,9.1,-3.2,,,,limestone
C227,285,8.6,-3.2,,,,limestone
C227,289.1,8.4,-3.1,,,,limestone
C227,290.2,8.7,-4,,,,limestone
C227,292.6,8.3,-3.2,,,,limestone
C227,298.2,5.3,-4.4,,,,limestone
C227,299.4,1.3,-6.1,,,,limestone
C227,301.2,8.4,-7.3,,,,limestone
C227,302.2,9,-6.6,-23.5,32.5,0.016,limestone
C227,305.6,8.8,-4.5,,,,limestone
C227,306.6,4.4,-5.6,,,,limestone
C227,307.6,8.6,-4.9,,,,limestone
C227,309,9.1,-4.8,,,,limestone
C227,310.2,9.2,-5,,,,limestone
C227,311.3,9.4,-4.3,,,,limestone
C227,312.4,9.1,-4.9,,,,limestone
C227,313.5,9.1,-4.7,-22.2,31.4,0.012,limestone
C227,314.5,9.2,-5,,,,limestone
C227,315.8,9.5,-5.6,,,,limestone
C227,316.8,9.3,-5.3,,,,limestone
C227,317.9,9.4,-5.9,,,,limestone
C227,318.9,9.2,-5.5,,,,limestone
C227,320.2,6.3,-6.4,,,,limestone
C227,321.2,9.7,-6.3,,,,limestone
C227,323.3,9.6,-6,,,,limestone
C227,324.1,9.7,-6.2,,,,limestone
C227,324.9,9.6,-7.2,,,,limestone
C227,325.6,9.9,-7.8,,,,limestone
C227,326.8,9.6,-8.1,,,,limestone
C227,327.8,8.7,-7.7,,,,limestone
C227,328.8,8.9,-8.6,,,,limestone
C227,330.1,1.3,-11,,,,limestone
C227,331.5,8.3,-8.8,,,,limestone
C227,332.9,8.4,-8.8,-23.6,32,0.016,limestone
C227,334,8.3,-9.5,,,,limestone
C227,335,6.1,-11.5,,,,limestone
C227,396.2,7.7,-11.8,,,,limestone
C227,397,8.3,-10,,,,limestone
C227,398.6,9.4,-9.7,,,,limestone
C227,400,9.4,-9.5,,,,limestone
C227,401,9.8,-9.4,,,,limestone
C227,402,9.8,-9,-21.3,31.1,0.023,limestone
C227,403.4,9.7,-8.8,,,,limestone
C227,405.3,8.9,-7.9,,,,limestone
C227,406.4,9.3,-8.7,,,,limestone
C227,407.4,9,-8.3,,,,limestone
C227,408.3,8.7,-8.9,,,,limestone
C227,409.3,9.3,-8.6,,,,limestone
C227,410.9,8.6,-8.3,,,,limestone
C227,412,8.5,-7.2,-23,31.4,0.014,limestone
C227,413.6,8.6,-6.5,,,,limestone
C227,417.1,9.8,-8.7,,,,limestone
C227,418.1,9.8,-8.1,,,,limestone
C227,419.1,9.5,-7.8,,,,limestone
C227,420.2,,,-25.9,35,0.039,limestone
C227,421.1,9.1,-7.8,,,,limestone
C227,421.9,8.4,-7.9,,,,limestone
C227,422.9,8.8,-8.2,,,,limestone
C227,423.9,8.9,-7.9,,,,limestone
C227,424.4,9.2,-8.4,,,,limestone
C227,425.4,8.1,-8.3,,,,limestone
C227,426.5,8.9,-8,,,,limestone
C227,429.5,9,-8.5,,,,limestone
C227,430.3,7.9,-7.7,,,,limestone
C227,431.7,7.8,-7.3,,,,limestone
C227,432.7,7.2,-8.4,,,,limestone
C227,433.6,6.9,-8.2,,,,limestone
C227,434.7,8.8,-8.6,,,,limestone
C227,435.7,8.7,-8.6,,,,limestone
C227,436.5,8.9,-8.4,,,,limestone
C227,437.6,6.8,-6.3,,,,limestone
C227,438.6,7.7,-7.2,,,,limestone
C227,439.5,8.6,-7.9,,,,limestone
C227,440.3,8.4,-7.6,,,,limestone
C227,440.4,9.7,-8.7,,,,limestone
C227,441.4,8.9,-8.6,-22.5,31.4,0.009,limestone
C227,442.7,9.3,-9.8,,,,limestone
C227,443.7,8.7,-10.3,,,,limestone
C227,444.3,8.8,-9.9,,,,limestone
C227,445.3,9.2,-10.7,,,,limestone
C227,448,6.8,-9.3,,,,limestone
C227,451.9,7.7,-10,,,,limestone
C227,452.9,8.4,-9,,,,limestone
C227,453.9,8.9,-10.3,,,,limestone
C227,454.9,9.2,-9.2,,,,limestone
C227,455.7,6.9,-10.3,,,,limestone
C227,456.6,9.1,-10.2,,,,limestone
C227,458.1,9.1,-9.5,,,,limestone
C227,458.4,8.9,-11,-25.6,34.5,0.008,limestone
C227,459.4,8.1,-10.8,,,,limestone
C227,460.4,8.4,-11.1,,,,limestone
C227,462.3,8.5,-11.4,,,,limestone
C228,463.4,,,-22.7,31.2,0.013,limestone
C227,464,8.5,-11.5,,,,limestone
C227,465,8.7,-11.2,,,,limestone
C227,465.8,8.1,-10.4,,,,limestone
C227,467.2,8.4,-11.6,-25.6,34,0.012,limestone
C227,468.2,8,-11.1,,,,limestone
C227,469.2,8.1,-11.9,,,,limestone
C227,470.2,8,-11.9,,,,limestone
C227,471.3,7.5,-12.1,,,,limestone
C227,472.3,7.9,-11.9,,,,limestone
C227,473.3,6.7,-12.3,,,,limestone
C227,701,8.4,-12.7,,,,limestone
C227,702,8.5,-12.1,-25.5,34,0.035,limestone
C227,703.1,9.2,-12.3,,,,limestone
C227,704.1,-1.1,-8.6,,,,limestone
C227,704.9,5.4,-10.5,,,,limestone
C227,711.5,5.3,-9.8,,,,limestone
C227,712.6,2.3,-9.5,,,,limestone
C227,713.6,-2,-7.7,,,,limestone
C227,714.5,8.1,-9.6,,,,limestone
C227,713.8,3,-8.4,,,,limestone
C227,716.8,9,-9.2,,,,limestone
C227,718,0.7,-7.8,-26.1,26.7,0.011,limestone
C227,718.6,8.7,-9.1,,,,limestone
C227,719.7,-2.3,-7.6,,,,limestone
C227,720.9,5.9,-8.8,,,,limestone
C227,721.9,9.2,-9,,,,limestone
C227,723,9.5,-7.9,,,,limestone
C227,724,9.1,-10.2,-24.6,33.7,0.008,limestone
C227,724.9,0.6,-8.1,,,,limestone
C227,725.8,9,-10.4,,,,limestone
C227,727,4.4,-9.2,,,,limestone
C227,728,7.6,-9.6,-24.3,31.9,0.008,limestone
C227,729.3,8.2,-10.4,,,,limestone
C227,730.3,8.3,-11,,,,limestone
C227,731.3,7.8,-11,-25.1,33,0.011,limestone
C227,732.4,7.3,-9.6,,,,limestone
C227,733.5,7.8,-11.2,,,,limestone
C227,734.5,7.3,-10.9,-25.3,32.6,0.011,limestone
C227,735.5,7.1,-11.5,,,,limestone
C227,736.5,6.6,-11.7,,,,limestone
C227,781.1,6.9,-9.9,-26.9,33.7,0.018,limestone
C227,782.3,7.2,-9.5,,,,limestone
C227,783.4,7.8,-11.7,,,,limestone
C227,784.1,7.9,-11.4,,,,limestone
C227,795.9,9.1,-11.9,,,,limestone
C227,796.9,9.4,-11.9,,,,limestone
C227,797.9,9.4,-11.3,,,,limestone
C227,799.3,9.3,-10.5,-27,36.3,0.031,limestone
C227,800.3,8.9,-10.7,,,,limestone
C227,801.4,9.2,-11,,,,limestone
C227,802.4,9.3,-11,,,,limestone
C227,832.9,5.1,-10.9,,,,limestone
C227,834.1,6.5,-11.9,,,,limestone
C227,835.2,7.1,-12.2,,,,limestone
C227,837.4,8.7,-12.4,-24.6,33.3,0.01,limestone
C227,838.4,8.7,-12,,,,limestone
C227,839.4,8.7,-11.9,,,,limestone
C227,840.5,9,-11.5,,,,limestone
C227,841.5,8.7,-11.5,,,,limestone
C227,842.6,9.1,-11.3,,,,limestone
C227,843.9,9,-11.4,,,,limestone
C227,845.1,8.9,-11.1,,,,limestone
C227,846.1,8.7,-11.7,,,,limestone
C227,847,7.9,-10.9,,,,limestone
C227,849.5,8.1,-12.3,,,,limestone
C227,850.5,8.4,-12.5,-25,33.4,0.008,limestone
C227,851.6,8.3,-12.2,,,,limestone
C227,853.6,7.4,-12.8,,,,limestone
C227,854.7,8.1,-14.2,,,,limestone
C227,857.1,7.9,-11.5,,,,limestone
C227,858.2,8.1,-12,,,,limestone
C227,859.2,7.7,-11.4,,,,limestone
C227,860.2,7.8,-11.6,,,,limestone
C227,861.2,7.5,-11.7,,,,limestone
C227,862.3,8.2,-12.1,-23.7,31.8,0.015,limestone
C227,864.6,8,-12.1,,,,limestone
C227,868.7,7.9,-12.5,,,,limestone
C227,869.7,7.8,-12.8,,,,limestone
C227,870.6,7.5,-12.6,,,,limestone
C227,871.7,7.2,-13,-24,31.2,0.009,limestone
C227,872.4,6.5,-12.9,,,,limestone
C227,873.4,6,-12.9,,,,limestone
C227,874.5,6.1,-13,,,,limestone
C227,876,5.9,-13.2,,,,limestone