sample,formation,strat_m,87Sr/86Sr,d13C,d18O,Mn_ppm,Sr_ppm,Mn/Sr,Mg/Ca,d13C_Srdata
,Grusdievbreen,0,,0.8,,,,,,There appears to be a slight discrepancy between the composite strat levels accompanying the Sr data and that for the d13C data. This needs to be resolved in order to integrate the Sr and C composites.
,Grusdievbreen,3.5,,1.5,,,,,,
,Grusdievbreen,11.8,,2,,,,,,
,Grusdievbreen,14.4,,2.7,,,,,,
,Grusdievbreen,23.7,,1.5,,,,,,
,Grusdievbreen,28.7,,2.5,,,,,,
,Grusdievbreen,30.9,,1.4,,,,,,
,Grusdievbreen,41,,4.1,,,,,,
,Grusdievbreen,62,,3.9,,,,,,
,Grusdievbreen,70.4,,4.5,,,,,,
,Grusdievbreen,78.2,,8.4,,,,,,
,Grusdievbreen,87.2,,6.5,,,,,,
,Grusdievbreen,95.7,,5.2,,,,,,
,Grusdievbreen,106,,5.6,,,,,,
,Grusdievbreen,115.5,,6.5,,,,,,
,Grusdievbreen,125,,3.7,,,,,,
,Grusdievbreen,132.8,,5.7,,,,,,
,Grusdievbreen,138,,3.8,,,,,,
,Grusdievbreen,146,,5.2,,,,,,
,Grusdievbreen,154,,3.3,,,,,,
,Grusdievbreen,205,,2.9,,,,,,
,Grusdievbreen,212,,3.2,,,,,,
G336. 219.6 ,Grusdievbreen,219.6,0.71078,,-6.4,,,, ,4.1
,Grusdievbreen,226,,4.3,,,,,,
,Grusdievbreen,247,,4.8,,,,,,
,Grusdievbreen,259.6,,1.7,,,,,,
,Grusdievbreen,265.3,,3.3,,,,,,
,Grusdievbreen,265.5,,3.6,,,,,,
,Grusdievbreen,265.8,,3.5,,,,,,
,Grusdievbreen,265.9,,3.6,,,,,,
,Grusdievbreen,266.2,,3.5,,,,,,
,Grusdievbreen,266.5,,4.2,,,,,,
,Grusdievbreen,266.7,,4,,,,,,
,Grusdievbreen,267.2,,4,,,,,,
,Grusdievbreen,267.5,,4,,,,,,
,Grusdievbreen,267.8,,3.8,,,,,,
,Grusdievbreen,268,,4.1,,,,,,
,Grusdievbreen,270.8,,4.4,,,,,,
,Grusdievbreen,271.2,,4.4,,,,,,
,Grusdievbreen,271.8,,4.2,,,,,,
,Grusdievbreen,272.1,,4.9,,,,,,
,Grusdievbreen,272.6,,4.2,,,,,,
,Grusdievbreen,272.9,,4.7,,,,,,
,Grusdievbreen,273.6,,4.8,,,,,,
,Grusdievbreen,273.9,,5,,,,,,
,Grusdievbreen,274.5,,5,,,,,,
,Grusdievbreen,275.5,,4.8,,,,,,
,Grusdievbreen,276.5,,5.3,,,,,,
,Grusdievbreen,277.5,,5.2,,,,,,
,Grusdievbreen,279.1,,5.4,,,,,,
,Grusdievbreen,280.4,,5.5,,,,,,
G336. 281.7 ,Grusdievbreen,281.7,0.70627,,-5.7,17,2278,0.01,0.01,7
,Grusdievbreen,282.5,,5.6,,,,,,
,Grusdievbreen,289.1,,5.9,,,,,,
,Grusdievbreen,291.4,,5.7,,,,,,
,Grusdievbreen,294,,6.1,,,,,,
,Grusdievbreen,297.9,,6.1,,,,,,
,Grusdievbreen,300.3,,6.5,,,,,,
,Grusdievbreen,307,,6.2,,,,,,
,Grusdievbreen,311.3,,6.7,,,,,,
,Grusdievbreen,315.5,,4.8,,,,,,
,Grusdievbreen,317.2,,5.5,,,,,,
,Grusdievbreen,330.7,,5.6,,,,,,
,Grusdievbreen,335.4,,5.6,,,,,,
,Grusdievbreen,337.9,,6,,,,,,
,Grusdievbreen,344.3,,6.2,,,,,,
,Grusdievbreen,349,,6.4,,,,,,
,Grusdievbreen,355.5,,6.2,,,,,,
G33. 14.5 ,Grusdievbreen,357.5,0.70626,,-6.3,10,2526,0,0,6.6
,Grusdievbreen,359.1,,6.8,,,,,,
,Grusdievbreen,362.7,,6.8,,,,,,
,Grusdievbreen,367.8,,7.1,,,,,,
,Grusdievbreen,372.9,,6.9,,,,,,
,Grusdievbreen,384.9,,6.5,,,,,,
,Grusdievbreen,389.4,,7.7,,,,,,
,Grusdievbreen,399.3,,6.7,,,,,,
G33. 62.2 ,Grusdievbreen,405.2,0.70628,,-7.1,6,1692,0,0,7.3
,Grusdievbreen,405.6,,7.6,,,,,,
,Grusdievbreen,410.2,,3.7,,,,,,
,Grusdievbreen,411.8,,6.1,,,,,,
,Grusdievbreen,413,,6.4,,,,,,
,Grusdievbreen,417.5,,7.4,,,,,,
,Grusdievbreen,421.8,,6.4,,,,,,
,Grusdievbreen,427,,7.1,,,,,,
,Grusdievbreen,427,,7.6,,,,,,
,Grusdievbreen,430.9,,7.8,,,,,,
G33. 91 ,Grusdievbreen,434,0.70652,,-10.6,7,514,0.01,0.01,5.8
,Grusdievbreen,434.5,,6.9,,,,,,
,Grusdievbreen,434.5,,7.2,,,,,,
,Grusdievbreen,437.7,,6.8,,,,,,
,Grusdievbreen,438.4,,6.8,,,,,,
,Grusdievbreen,441,,6.5,,,,,,
G148. 126 ,Grusdievbreen,444.1,0.70625,,-7,13,1720,0.01,0.01,6.4
,Grusdievbreen,445.4,,6.2,,,,,,
,Grusdievbreen,445.6,,6.1,,,,,,
,Grusdievbreen,448.8,,6.3,,,,,,
,Grusdievbreen,449,,6.4,,,,,,
,Grusdievbreen,451,,6.2,,,,,,
,Grusdievbreen,452.8,,5.2,,,,,,
G148. 136.3 ,Grusdievbreen,454.4,0.70624,,-8.8,29,282,0.1,0.1,0.3
G33. 112.1 ,Grusdievbreen,455.1,0.70884,,-11.7,105,134,0.78,0.75,-0.4
,Grusdievbreen,457.7,,4.8,,,,,,
,Grusdievbreen,458,,4.7,,,,,,
G148. 140.3 ,Grusdievbreen,458.4,0.70699,,-9.9,41,96,0.42,0.4,-0.2
,Grusdievbreen,458.7,,4.6,,,,,,
,Grusdievbreen,459.4,,4.7,,,,,,
,Grusdievbreen,460.7,,5.1,,,,,,
,Grusdievbreen,463.9,,-0.1,,,,,,
,Grusdievbreen,464.3,,-0.4,,,,,,
,Grusdievbreen,465,,-0.2,,,,,,
,Grusdievbreen,465.4,,-0.3,,,,,,
,Grusdievbreen,465.9,,-0.3,,,,,,
,Grusdievbreen,467,,-0.6,,,,,,
G148. 149.2 ,Grusdievbreen,467.3,0.7064,,-8.4,45,271,0.17,0.07,-1.5
,Grusdievbreen,467.5,,-0.6,,,,,,
,Grusdievbreen,468.4,,-0.6,,,,,,
,Grusdievbreen,469.8,,-0.4,,,,,,
,Grusdievbreen,471.5,,-0.8,,,,,,
G33. 131.7 ,Grusdievbreen,474.7,0.70644,,-8.3,14,594,0.02,0.02,-1
,Grusdievbreen,476.3,,-0.6,,,,,,
G148. 158.7 ,Grusdievbreen,476.8,0.70635,,-8.1,13,696,0.02,0.02,-1.2
,Grusdievbreen,480.5,,-1,,,,,,
,Grusdievbreen,481.2,,-1,,,,,,
,Grusdievbreen,481.7,,-0.8,,,,,,
,Grusdievbreen,482.5,,-1.1,,,,,,
,Grusdievbreen,483.2,,-1,,,,,,
,Grusdievbreen,483.9,,-1.2,,,,,,
,Grusdievbreen,484.7,,-1.2,,,,,,
,Grusdievbreen,485.7,,-1.2,,,,,,
,Grusdievbreen,486.7,,-1.3,,,,,,
,Grusdievbreen,487.8,,-1.2,,,,,,
G33. 145.9 ,Grusdievbreen,488.9,0.70643,,-8.3,5,1237,0,0,-1.1
,Grusdievbreen,488.9,,-1.4,,,,,,
,Grusdievbreen,490.6,,-1.3,,,,,,
,Grusdievbreen,493.7,,-1.2,,,,,,
,Grusdievbreen,498.1,,-1.1,,,,,,
,Grusdievbreen,499.6,,-1.4,,,,,,
,Grusdievbreen,500.9,,-1.4,,,,,,
,Grusdievbreen,503.3,,-1.2,,,,,,
,Grusdievbreen,507.5,,-1.4,,,,,,
,Grusdievbreen,508.6,,-1.4,,,,,,
,Grusdievbreen,510.6,,-1.3,,,,,,
,Grusdievbreen,512.2,,-1.4,,,,,,
,Grusdievbreen,518.7,,-1.3,,,,,,
,Grusdievbreen,522.9,,-1.1,,,,,,
,Grusdievbreen,535.3,,-0.1,,,,,,
,Grusdievbreen,541.3,,-1.1,,,,,,
,Grusdievbreen,545.6,,-1,,,,,,
M9. 55 ,Grusdievbreen,546.7,0.7064,,-9.2,3,2283,0,0,-0.7
,Grusdievbreen,549.5,,-0.8,,,,,,
,Grusdievbreen,554.5,,-0.3,,,,,,
,Grusdievbreen,557.9,,-0.7,,,,,,
,Grusdievbreen,560.8,,-0.8,,,,,,
,Grusdievbreen,570.8,,-0.4,,,,,,
,Grusdievbreen,572.8,,-0.3,,,,,,
M9. 83.4 ,Grusdievbreen,575.1,0.70641,,-8.5,5,2030,0,0,-0.3
,Grusdievbreen,577.9,,-0.3,,,,,,
,Grusdievbreen,583,,0.1,,,,,,
,Grusdievbreen,587.6,,-0.7,,,,,,
,Grusdievbreen,595.5,,-0.2,,,,,,
,Grusdievbreen,598.7,,-0.8,,,,,,
G341. 146.6 ,Grusdievbreen,599.4,0.70637,,-6.9,18,1481,0.01,0.01,0.1
,Grusdievbreen,602.4,,-0.1,,,,,,
,Grusdievbreen,605.2,,0,,,,,,
,Grusdievbreen,605.5,,0.1,,,,,,
,Grusdievbreen,614.2,,-1.5,,,,,,
,Grusdievbreen,614.8,,0.2,,,,,,
M9. 125.6 ,Grusdievbreen,617.3,0.7066,,-8.5,4,1242,0,0,0.6
,Grusdievbreen,618.5,,0.4,,,,,,
,Grusdievbreen,623.9,,0.1,,,,,,
,Grusdievbreen,630.4,,0.5,,,,,,
G341. 178 ,Grusdievbreen,630.8,0.70642,,-7.3,14,806,0.02,0.02,-0.3
,Grusdievbreen,630.9,,0.2,,,,,,
,Grusdievbreen,635.9,,0.5,,,,,,
,Grusdievbreen,640.2,,-0.8,,,,,,
,Grusdievbreen,644.3,,-0.5,,,,,,
,Grusdievbreen,648.4,,-0.2,,,,,,
,Grusdievbreen,652.4,,-0.2,,,,,,
,Grusdievbreen,655.7,,-0.3,,,,,,
,Grusdievbreen,656.7,,-0.4,,,,,,
G341. 205.1 ,Grusdievbreen,657.9,0.70644,,-7.3,28,368,0.08,0.07,-2.1
,Svanbergfjellet,661,,0,,,,,,
,Grusdievbreen,661.5,,-0.1,,,,,,
,Grusdievbreen,665.7,,-0.1,,,,,,
,Svanbergfjellet,666.6,,0,,,,,,
G341. 215.6 ,Svanbergfjellet,668.4,0.70634,,-6.9,18,930,0.02,0.02,-0.7
,Svanbergfjellet,670,,0.5,,,,,,
,Grusdievbreen,671.7,,0.2,,,,,,
,Svanbergfjellet,673.8,,0.1,,,,,,
,Svanbergfjellet,678.6,,-0.1,,,,,,
,Grusdievbreen,678.9,,0.2,,,,,,
,Svanbergfjellet,682.4,,-0.3,,,,,,
,Grusdievbreen,683,,-0.1,,,,,,
,Grusdievbreen,687.2,,-0.4,,,,,,
,Svanbergfjellet,687.5,,-0.7,,,,,,
,Grusdievbreen,692.1,,-0.2,,,,,,
,Svanbergfjellet,692.3,,0.8,,,,,,
,Svanbergfjellet,696.4,,-1.2,,,,,,
,Svanbergfjellet,701.3,,-1.3,,,,,,
G341. 251.6 ,Svanbergfjellet,704.4,0.70673,,-6.2,38,188,0.2,0.19,-1.4
,Svanbergfjellet,706,,-0.8,,,,,,
,Svanbergfjellet,710.5,,-1.9,,,,,,
,Svanbergfjellet,713.5,,-1,,,,,,
,Svanbergfjellet,716.3,,-1.9,,,,,,
,Svanbergfjellet,724.1,,-3.2,,,,,,
,Svanbergfjellet,726.3,,-2.4,,,,,,
,Svanbergfjellet,732.1,,-2.1,,,,,,
,Svanbergfjellet,733.8,,-3.6,,,,,,
G341. 282.5 ,Svanbergfjellet,735.3,0.70635,,-5.5,38,536,0.07,0.07,0
,Svanbergfjellet,737.2,,-2.6,,,,,,
,Svanbergfjellet,743.8,,-3,,,,,,
G341. 294.5 ,Svanbergfjellet,747.3,0.70698,,-4.6,63,127,0.5,0.48,-2
,Svanbergfjellet,749.4,,-2.1,,,,,,
,Svanbergfjellet,752,,-1.6,,,,,,
G341. 300 ,Svanbergfjellet,752.8,0.70681,,-5.1,49,233,0.21,0.2,-3
,Svanbergfjellet,757.6,,-2.2,,,,,,
,Svanbergfjellet,761.8,,-2.7,,,,,,
,Svanbergfjellet,765.6,,-3.1,,,,,,
,Svanbergfjellet,773.8,,-1.1,,,,,,
,Svanbergfjellet,779.6,,-1.4,,,,,,
,Svanbergfjellet,784.5,,-0.9,,,,,,
,Svanbergfjellet,792.4,,1.7,,,,,,
,Svanbergfjellet,792.5,,1.8,,,,,,
,Svanbergfjellet,792.8,,1.8,,,,,,
,Svanbergfjellet,793.2,,1.7,,,,,,
,Svanbergfjellet,793.8,,1.8,,,,,,
,Svanbergfjellet,794.3,,2,,,,,,
,Svanbergfjellet,794.8,,2.1,,,,,,
,Svanbergfjellet,795.2,,3.1,,,,,,
,Svanbergfjellet,795.5,,2.1,,,,,,
,Svanbergfjellet,795.9,,1.7,,,,,,
,Svanbergfjellet,796.5,,2.1,,,,,,
,Svanbergfjellet,796.9,,1.4,,,,,,
,Svanbergfjellet,797.6,,3,,,,,,
,Svanbergfjellet,798.3,,2.7,,,,,,
,Svanbergfjellet,799.2,,2.8,,,,,,
,Svanbergfjellet,799.9,,2.3,,,,,,
,Svanbergfjellet,801.2,,2.6,,,,,,
,Svanbergfjellet,801.5,,2.4,,,,,,
,Svanbergfjellet,802.4,,2.3,,,,,,
,Svanbergfjellet,803,,2.7,,,,,,
,Svanbergfjellet,803.4,,2.2,,,,,,
,Svanbergfjellet,804.6,,3.6,,,,,,
,Svanbergfjellet,805.1,,3.7,,,,,,
G19. 25.7 ,Svanbergfjellet,805.7,0.70758,,-6.9,78,118,0.66,0.63,2.7
,Svanbergfjellet,805.7,,3.4,,,,,,
,Svanbergfjellet,806.7,,2.8,,,,,,
,Svanbergfjellet,806.7,,2.9,,,,,,
,Svanbergfjellet,807.7,,2.8,,,,,,
,Svanbergfjellet,808.4,,2.9,,,,,,
,Svanbergfjellet,808.7,,2.8,,,,,,
,Svanbergfjellet,809.5,,2.7,,,,,,
,Svanbergfjellet,809.8,,3,,,,,,
,Svanbergfjellet,810,,3,,,,,,
,Svanbergfjellet,810.7,,2.7,,,,,,
,Svanbergfjellet,811.5,,2.8,,,,,,
,Svanbergfjellet,813.8,,3,,,,,,
,Svanbergfjellet,816.1,,3.3,,,,,,
,Svanbergfjellet,818.9,,3.7,,,,,,
,Svanbergfjellet,821.7,,1,,,,,,
,Svanbergfjellet,825.1,,2.5,,,,,,
,Svanbergfjellet,827.7,,3.5,,,,,,
G129.6 26.9 ,Svanbergfjellet,830,0.70762,,-7.2,,,,,3.1
,Svanbergfjellet,830.7,,2.8,,,,,,
,Svanbergfjellet,833.7,,3.2,,,,,,
,Svanbergfjellet,836.7,,3.4,,,,,,
G37. 27.8 ,Svanbergfjellet,837,0.70644,,,74,780,0.09,0.52,
G37. 28.8 ,Svanbergfjellet,838,0.70651,,-6.5,75,739,0.1,0.27,4.1
,Svanbergfjellet,840.2,,5.9,,,,,,
,Svanbergfjellet,842.2,,5.9,,,,,,
G19. 57.2 ,Svanbergfjellet,843.5,0.70629,,-6.8,60,964,0.06,0.06,5.9
,Svanbergfjellet,845.1,,5.2,,,,,,
,Svanbergfjellet,848.9,,4.6,,,,,,
,Svanbergfjellet,850.9,,5.6,,,,,,
G19. 71.8 ,Svanbergfjellet,851.8,0.70625,,-6.3,72,993,0.07,0.07,6
,Svanbergfjellet,853.5,,5.7,,,,,,
,Svanbergfjellet,854,,5.9,,,,,,
,Svanbergfjellet,856,,6.7,,,,,,
,Svanbergfjellet,856.8,,6,,,,,,
G37. 53.0 ,Svanbergfjellet,861,0.70617,,-6.7,18,1886,0.01,0.03,6.2
,Svanbergfjellet,863,,6.2,,,,,,
,Svanbergfjellet,866.2,,5.9,,,,,,
,Svanbergfjellet,869.2,,6.1,,,,,,
,Svanbergfjellet,872,,6.1,,,,,,
,Svanbergfjellet,875.1,,7.8,,,,,,
,Svanbergfjellet,875.7,,4.3,,,,,,
,Svanbergfjellet,878.1,,6.8,,,,,,
,Svanbergfjellet,881.9,,5,,,,,,
,Svanbergfjellet,885,,4.7,,,,,,
,Svanbergfjellet,888,,5.4,,,,,,
,Svanbergfjellet,891,,5,,,,,,
,Svanbergfjellet,894,,4.4,,,,,,
,Svanbergfjellet,896.5,,4.4,,,,,,
G341. 445.3 ,Svanbergfjellet,898.1,0.70661,,-6.1,30,1025,0.03,0.03,4.3
,Svanbergfjellet,899.8,,5.1,,,,,,
,Svanbergfjellet,901,,4.2,,,,,,
,Svanbergfjellet,904.3,,4.8,,,,,,
,Svanbergfjellet,905.6,,4.9,,,,,,
,Svanbergfjellet,907.2,,4.7,,,,,,
,Svanbergfjellet,909.2,,4.3,,,,,,
,Svanbergfjellet,911.7,,4.4,,,,,,
G341. 464.5 ,Svanbergfjellet,917.3,0.70659,,-6.3,106,106,1,0.95,4.9
G35. 0.3 ,Svanbergfjellet,932,0.70634,,-8.3,9,942,0.01,0.02,5.2
,Svanbergfjellet,932,,5.2,,,,,,
,Svanbergfjellet,935.4,,6.9,,,,,,
,Svanbergfjellet,938.3,,5,,,,,,
,Svanbergfjellet,943.3,,2.8,,,,,,
,Svanbergfjellet,945.4,,3.5,,,,,,
,Svanbergfjellet,947.8,,4,,,,,,
,Svanbergfjellet,951.1,,4,,,,,,
,Svanbergfjellet,955,,6.1,,,,,,
G35. 25.8 ,Svanbergfjellet,955.5,0.70649,,-7.5,75,739,0.1,0.27,4.9
,Svanbergfjellet,957.5,,4.9,,,,,,
,Svanbergfjellet,965.7,,4.4,,,,,,
,Svanbergfjellet,966.7,,4.8,,,,,,
,Svanbergfjellet,969.2,,4.9,,,,,,
,Svanbergfjellet,972.7,,4.9,,,,,,
,Svanbergfjellet,978.7,,4.3,,,,,,
,Svanbergfjellet,982.4,,5,,,,,,
,Svanbergfjellet,992.6,,5.6,,,,,,
,Svanbergfjellet,996.7,,5.7,,,,,,
,Svanbergfjellet,1006.9,,4.1,,,,,,
,Svanbergfjellet,1011.4,,3.9,,,,,,
,Svanbergfjellet,1016.4,,4.1,,,,,,
,Svanbergfjellet,1020,,4,,,,,,
,Svanbergfjellet,1024,,4.4,,,,,,
,Svanbergfjellet,1030.3,,4.1,,,,,,
,Svanbergfjellet,1031.2,,4.2,,,,,,
,Svanbergfjellet,1033.9,,4.3,,,,,,
,Svanbergfjellet,1035.4,,4.1,,,,,,
,Svanbergfjellet,1036.3,,3.8,,,,,,
,Svanbergfjellet,1036.9,,3.8,,,,,,
,Svanbergfjellet,1037.9,,3.9,,,,,,
,Svanbergfjellet,1039.3,,5.1,,,,,,
,Svanbergfjellet,1040.8,,3.4,,,,,,
,Svanbergfjellet,1044.5,,4.1,,,,,,
,Svanbergfjellet,1046.4,,4.2,,,,,,
,Svanbergfjellet,1048.5,,4,,,,,,
,Svanbergfjellet,1049.7,,3.2,,,,,,
,Svanbergfjellet,1050.9,,4.3,,,,,,
,Svanbergfjellet,1054.2,,3.5,,,,,,
,Svanbergfjellet,1065.5,,4.9,,,,,,
,Svanbergfjellet,1066.5,,4.9,,,,,,
,Svanbergfjellet,1074,,5.6,,,,,,
,Svanbergfjellet,1075,,5.2,,,,,,
,Svanbergfjellet,1080.6,,5.5,,,,,,
,Svanbergfjellet,1083.4,,5.6,,,,,,
,Svanbergfjellet,1084.8,,5.1,,,,,,
,Svanbergfjellet,1087.9,,5.7,,,,,,
,Svanbergfjellet,1090.9,,5.9,,,,,,
,Svanbergfjellet,1093.9,,5.6,,,,,,
,Svanbergfjellet,1096.9,,5.5,,,,,,
,Svanbergfjellet,1101.4,,6,,,,,,
,Svanbergfjellet,1104.3,,5.1,,,,,,
,Svanbergfjellet,1107.4,,6.5,,,,,,
,Svanbergfjellet,1112.5,,5,,,,,,
,Svanbergfjellet,1114.6,,4,,,,,,
,Svanbergfjellet,1117.6,,6,,,,,,
,Svanbergfjellet,1122.4,,6.1,,,,,,
,Svanbergfjellet,1126.1,,4.6,,,,,,
,Svanbergfjellet,1130,,5.8,,,,,,
,Svanbergfjellet,1133.5,,6.5,,,,,,
,Svanbergfjellet,1138.7,,4.9,,,,,,
,Svanbergfjellet,1138.8,,5.6,,,,,,
,Svanbergfjellet,1139,,5.7,,,,,,
,Svanbergfjellet,1139.3,,4.9,,,,,,
,Svanbergfjellet,1139.6,,5,,,,,,
,Draken,1139.9,,5.5,,,,,,
,Draken,1147.6,,5.7,,,,,,
,Draken,1149.7,,6.4,,,,,,
,Draken,1150.7,,6.3,,,,,,
,Draken,1151.7,,6.4,,,,,,
,Draken,1155,,5.9,,,,,,
,Draken,1156.1,,6.3,,,,,,
,Draken,1158.3,,6.5,,,,,,
,Draken,1160.8,,5.6,,,,,,
,Draken,1163.7,,6.5,,,,,,
,Draken,1165.4,,6.2,,,,,,
,Draken,1168.4,,6.1,,,,,,
,Draken,1171.2,,5.9,,,,,,
,Draken,1174.8,,7,,,,,,
,Draken,1178.2,,7.1,,,,,,
,Draken,1181.5,,7.1,,,,,,
,Draken,1185.7,,6.7,,,,,,
,Draken,1188.7,,7,,,,,,
,Draken,1192,,6.6,,,,,,
,Draken,1196.7,,5.9,,,,,,
,Draken,1199.2,,5.5,,,,,,
,Draken,1200.2,,5.4,,,,,,
,Draken,1218,,5.8,,,,,,
,Draken,1236.6,,6.4,,,,,,
,Draken,1243,,6,,,,,,
,Draken,1247.8,,7.4,,,,,,
,Draken,1250.7,,7.3,,,,,,
,Draken,1255.7,,7.3,,,,,,
,Draken,1259.7,,6.7,,,,,,
,Draken,1263.8,,6.3,,,,,,
,Draken,1268.3,,5.7,,,,,,
,Draken,1272.8,,7.1,,,,,,
,Draken,1275.8,,6.7,,,,,,
,Draken,1280.3,,6.7,,,,,,
,Draken,1287.7,,5,,,,,,
,Draken,1291.3,,4.1,,,,,,
,Draken,1295.8,,7.2,,,,,,
,Draken,1305.2,,6.7,,,,,,
,Draken,1307.9,,5.2,,,,,,
,Draken,1312.3,,7.1,,,,,,
,Draken,1315.7,,7.2,,,,,,
,Draken,1318.9,,7.2,,,,,,
,Draken,1321.5,,7.4,,,,,,
,Draken,1325.4,,6.7,,,,,,
,Draken,1328.1,,6.3,,,,,,
,Draken,1331.7,,5.7,,,,,,
,Draken,1334.7,,7.4,,,,,,
,Draken,1338.2,,5.9,,,,,,
,Draken,1342.7,,6.2,,,,,,
,Draken,1346.7,,5.9,,,,,,
,Draken,1348.2,,6.2,,,,,,
,Draken,1368.9,,3.9,,,,,,
,Draken,1374.2,,4.1,,,,,,
,Draken,1377.4,,2.6,,,,,,
,Draken,1381.5,,3.9,,,,,,
,Draken,1381.7,,4.8,,,,,,
,Draken,1390.6,,3.1,,,,,,
,Draken,1397.7,,3.5,,,,,,
,Draken,1401.5,,2.8,,,,,,
,Draken,1406.2,,3.7,,,,,,
,Draken,1412.7,,4.4,,,,,,
,Draken,1418.7,,3,,,,,,
,Draken,1430.3,,5.9,,,,,,
,Backlundtoppen,1430.8,,4.6,,,,,,
,Backlundtoppen,1433,,6.4,,,,,,
,Backlundtoppen,1435.1,,4.6,,,,,,
,Backlundtoppen,1435.2,,6.3,,,,,,
,Backlundtoppen,1437.7,,7.3,,,,,,
,Backlundtoppen,1440.8,,6.1,,,,,,
,Backlundtoppen,1441.7,,4.9,,,,,,
,Backlundtoppen,1443.4,,4.9,,,,,,
,Backlundtoppen,1443.7,,3.8,,,,,,
,Backlundtoppen,1443.8,,7.7,,,,,,
,Backlundtoppen,1445.9,,7.2,,,,,,
,Backlundtoppen,1446.9,,7.3,,,,,,
,Backlundtoppen,1448.6,,7.4,,,,,,
,Backlundtoppen,1449.9,,7.6,,,,,,
,Backlundtoppen,1450.7,,5.7,,,,,,
,Backlundtoppen,1452.7,,5.8,,,,,,
,Backlundtoppen,1453,,7.3,,,,,,
,Backlundtoppen,1454.3,,7.8,,,,,,
,Backlundtoppen,1457.1,,7.1,,,,,,
,Backlundtoppen,1457.5,,8,,,,,,
,Backlundtoppen,1460,,5.5,,,,,,
G15. 29.8 ,Backlundtoppen,1460.1,0.70697,,-6.1,28,3382,0.01,0,8.2
,Backlundtoppen,1460.1,,8.2,,,,,,
,Backlundtoppen,1463.1,,7.7,,,,,,
,Backlundtoppen,1466.1,,7.5,,,,,,
,Backlundtoppen,1467.2,,8.1,,,,,,
,Backlundtoppen,1469.7,,7.5,,,,,,
,Backlundtoppen,1471.8,,8.1,,,,,,
,Backlundtoppen,1475.9,,7.9,,,,,,
G15. 45.6 ,Backlundtoppen,1476.6,0.70697,,-5.3,12,2543,0,0,7.9
,Backlundtoppen,1484.5,,7.2,,,,,,
,Backlundtoppen,1487.9,,7.3,,,,,,
,Backlundtoppen,1490,,6.9,,,,,,
,Backlundtoppen,1490.3,,7.6,,,,,,
,Backlundtoppen,1495.5,,7.6,,,,,,
,Backlundtoppen,1497,,6.9,,,,,,
,Backlundtoppen,1498.8,,7.4,,,,,,
,Backlundtoppen,1501.1,,7.4,,,,,,
,Backlundtoppen,1502.7,,8,,,,,,
,Backlundtoppen,1504.2,,7.5,,,,,,
,Backlundtoppen,1507.4,,5,,,,,,
,Backlundtoppen,1508.9,,7.5,,,,,,
G15. 78.6 ,Backlundtoppen,1509.6,0.70695,,-5.8,17,2984,0.01,0,7.5
,Backlundtoppen,1513.5,,7.2,,,,,,
,Backlundtoppen,1515.8,,6.8,,,,,,
,Backlundtoppen,1515.9,,7.9,,,,,,
,Backlundtoppen,1518.5,,8.3,,,,,,
,Backlundtoppen,1520,,8.3,,,,,,
,Backlundtoppen,1520.4,,7.2,,,,,,
G15. 90.1 ,Backlundtoppen,1521.1,0.70693,,-5.9,52,2555,0.02,0.01,7.2
,Backlundtoppen,1525.3,,8.1,,,,,,
,Backlundtoppen,1526.6,,7.1,,,,,,
,Backlundtoppen,1528.9,,7.4,,,,,,
,Backlundtoppen,1529.5,,7.8,,,,,,
,Backlundtoppen,1529.7,,8,,,,,,
,Backlundtoppen,1533.2,,8,,,,,,
M6. 102.9 ,Backlundtoppen,1533.9,0.7069,,-5.9,32,2736,0.01,0.02,8
,Backlundtoppen,1536.2,,8.3,,,,,,
,Backlundtoppen,1540.1,,8.3,,,,,,
,Backlundtoppen,1542.5,,6.8,,,,,,
,Backlundtoppen,1545.6,,8.3,,,,,,
,Backlundtoppen,1547.6,,7.9,,,,,,
,Backlundtoppen,1549.5,,7.9,,,,,,
,Backlundtoppen,1551.8,,7.3,,,,,,
,Backlundtoppen,1555.4,,6.2,,,,,,
,Backlundtoppen,1556.7,,7.6,,,,,,
,Backlundtoppen,1558.4,,7.9,,,,,,
,Backlundtoppen,1559.2,,7.1,,,,,,
,Backlundtoppen,1560.1,,6.7,,,,,,
,Backlundtoppen,1562.1,,8.2,,,,,,
,Backlundtoppen,1562.5,,8.4,,,,,,
M6. 131.8 ,Backlundtoppen,1562.8,0.70687,,-4.9,7,1863,0,0,8.2
,Backlundtoppen,1566.3,,8.6,,,,,,
,Backlundtoppen,1567.2,,8.2,,,,,,
,Backlundtoppen,1567.5,,8.1,,,,,,
,Backlundtoppen,1571.5,,7.5,,,,,,
,Backlundtoppen,1571.6,,8.4,,,,,,
,Backlundtoppen,1574.6,,6.7,,,,,,
,Backlundtoppen,1575.1,,7.8,,,,,,
,Backlundtoppen,1577.2,,8,,,,,,
,Backlundtoppen,1579.1,,7.2,,,,,,
,Backlundtoppen,1581.7,,7.5,,,,,,
,Backlundtoppen,1583.1,,8.9,,,,,,
,Backlundtoppen,1586.1,,6.4,,,,,,
,Backlundtoppen,1586.5,,7.5,,,,,,
,Backlundtoppen,1588.6,,6.2,,,,,,
,Backlundtoppen,1591.1,,5.8,,,,,,
,Backlundtoppen,1592.4,,4.6,,,,,,
,Backlundtoppen,1592.4,,4.6,,,,,,
,Backlundtoppen,1596.9,,4.6,,,,,,
,Backlundtoppen,1606.2,,4.9,,,,,,
,Backlundtoppen,1611.7,,4.3,,,,,,
,Backlundtoppen,1613,,5.4,,,,,,
,Backlundtoppen,1614.9,,5.6,,,,,,
,Backlundtoppen,1625,,5.4,,,,,,
,Backlundtoppen,1628.9,,6.6,,,,,,
,Backlundtoppen,1638.3,,2.3,,,,,,
,Backlundtoppen,1642.8,,4.7,,,,,,
,Backlundtoppen,1650.6,,2.4,,,,,,
,Backlundtoppen,1654.8,,2.3,,,,,,
,Backlundtoppen,1656,,2.2,,,,,,
,Backlundtoppen,1656.7,,2.4,,,,,,
,Backlundtoppen,1661.5,,4.8,,,,,,
,Backlundtoppen,1666.3,,4.3,,,,,,
,Backlundtoppen,1668.3,,4.9,,,,,,
,Backlundtoppen,1670.5,,4.9,,,,,,
,Backlundtoppen,1676,,5.8,,,,,,
,Backlundtoppen,1680.9,,4.1,,,,,,
,Backlundtoppen,1684.5,,6,,,,,,
,Backlundtoppen,1691.2,,5.5,,,,,,
,Backlundtoppen,1693.4,,6.3,,,,,,
,Backlundtoppen,1695.3,,6.7,,,,,,
,Backlundtoppen,1700.2,,7.1,,,,,,
,Backlundtoppen,1704.2,,6.7,,,,,,
,Backlundtoppen,1713.7,,7.2,,,,,,
,Backlundtoppen,1715.8,,7,,,,,,
,Backlundtoppen,1719.7,,6.5,,,,,,
,Backlundtoppen,1724.1,,7.3,,,,,,
,Backlundtoppen,1727.4,,5.9,,,,,,
,Backlundtoppen,1730.7,,7,,,,,,
,Backlundtoppen,1734.7,,4.7,,,,,,
,Backlundtoppen,1739.3,,6.7,,,,,,
,Backlundtoppen,1741.9,,5.5,,,,,,
,Backlundtoppen,1744.4,,5.8,,,,,,
,Backlundtoppen,1749,,6.5,,,,,,
,Backlundtoppen,1751.9,,7,,,,,,
,Backlundtoppen,1761.8,,7.6,,,,,,
,Backlundtoppen,1765.4,,7.9,,,,,,
,Backlundtoppen,1771.3,,6.9,,,,,,
,Backlundtoppen,1776,,7.3,,,,,,
,Backlundtoppen,1782.8,,7.8,,,,,,
,Backlundtoppen,1786.5,,8.3,,,,,,
,Backlundtoppen,1790.5,,8.6,,,,,,
,Backlundtoppen,1793.3,,7.9,,,,,,
,Backlundtoppen,1796.5,,6.6,,,,,,
,Backlundtoppen,1798.9,,8.9,,,,,,
,Backlundtoppen,1800.9,,8.2,,,,,,
,Backlundtoppen,1803.7,,8.6,,,,,,
,Backlundtoppen,1808.4,,9.2,,,,,,
,Backlundtoppen,1812.9,,7.7,,,,,,
,Backlundtoppen,1816.7,,8.2,,,,,,
,Backlundtoppen,1818.9,,8.9,,,,,,
,Backlundtoppen,1821.9,,9.5,,,,,,
,Backlundtoppen,1824.9,,7.7,,,,,,
,Backlundtoppen,1827.9,,8.1,,,,,,
,Backlundtoppen,1830.7,,9.2,,,,,,
,Backlundtoppen,1833.9,,8.7,,,,,,
,Backlundtoppen,1836.9,,8.8,,,,,,
,Backlundtoppen,1839.9,,7.4,,,,,,
,Backlundtoppen,1842.9,,9.1,,,,,,
,Backlundtoppen,1845.9,,8.7,,,,,,
,Backlundtoppen,1848.9,,7.7,,,,,,
,Backlundtoppen,1851.9,,9.1,,,,,,
,Backlundtoppen,1854.7,,8,,,,,,
,Backlundtoppen,1857.9,,8.5,,,,,,
,Backlundtoppen,1860.9,,8.9,,,,,,
,Backlundtoppen,1863.9,,8.9,,,,,,
,Backlundtoppen,1867.4,,8.4,,,,,,
,Backlundtoppen,1869.9,,8.3,,,,,,
,Backlundtoppen,1872.9,,8.4,,,,,,
,Backlundtoppen,1876.2,,8,,,,,,
,Backlundtoppen,1878.9,,8.5,,,,,,
,Backlundtoppen,1879.7,,4.3,,,,,,
,Backlundtoppen,1882.9,,8,,,,,,
,Backlundtoppen,1883.8,,5.9,,,,,,
,Backlundtoppen,1891,,5.7,,,,,,
,Backlundtoppen,1891.6,,5.8,,,,,,
,Backlundtoppen,1892.5,,5.3,,,,,,
,Backlundtoppen,1894.6,,6.3,,,,,,
,Backlundtoppen,1895.6,,6.4,,,,,,
,Backlundtoppen,1897.2,,7.2,,,,,,
,Backlundtoppen,1903.8,,7.4,,,,,,
,Backlundtoppen,1905.6,,7.2,,,,,,
,Backlundtoppen,1912.1,,7,,,,,,
,Backlundtoppen,1915.7,,7.3,,,,,,
,Backlundtoppen,1934.1,,6.5,,,,,,
,Backlundtoppen,1936.7,,7.3,,,,,,
,Backlundtoppen,1940,,6.2,,,,,,
,Backlundtoppen,1957,,6.4,,,,,,
,Backlundtoppen,1962,,6,,,,,,
,Backlundtoppen,1992.1,,5.8,,,,,,
,Backlundtoppen,1994.7,,4.9,,,,,,
,Backlundtoppen,1997.8,,5.2,,,,,,
,Backlundtoppen,1999.2,,4.3,,,,,,
,Backlundtoppen,2001.1,,4.7,,,,,,
,Backlundtoppen,2002.2,,4.2,,,,,,
,Backlundtoppen,2003.6,,4.4,,,,,,
,Backlundtoppen,2006.4,,4.5,,,,,,
,Russoya,2010.9,,1.5,,,,,,
,Russoya,2012.4,,2.6,,,,,,
,Russoya,2012.7,,2.2,,,,,,
G4.49.1 ,Russoya,2013.7,0.70677,,-6.4,57,358,0.16,0.01,2.7
,Russoya,2013.7,,2.7,,,,,,
,Russoya,2013.9,,3,,,,,,
,Russoya,2016.4,,2.9,,,,,,
,Russoya,2016.9,,3.2,,,,,,
,Russoya,2018.7,,3.5,,,,,,
,Russoya,2020.4,,4,,,,,,
G4. 58.5 ,Russoya,2022.1,0.7071,,-6.4,135,249,0.54,,4.4
,Russoya,2023.1,,4.4,,,,,,
,Russoya,2025.2,,4.1,,,,,,
,Russoya,2026.9,,3,,,,,,
,Russoya,2027.4,,4.4,,,,,,
,Russoya,2029,,5.2,,,,,,
,Russoya,2031.6,,4.5,,,,,,
,Russoya,2034.5,,4.1,,,,,,
,Russoya,2036.4,,3.3,,,,,,
,Russoya,2037.7,,3.4,,,,,,
,Russoya,2038.4,,4.4,,,,,,
,Russoya,2041,,5.2,,,,,,
,Russoya,2045.2,,3.8,,,,,,
,Russoya,2053.7,,6.5,,,,,,
G332. 377.6 ,Russoya,2055.5,0.70675,,-4.1,,,,0,7.1
,Russoya,2055.5,,7.1,,,,,,
,Russoya,2082.7,,2.3,,,,,,
,Russoya,2087.8,,2.3,,,,,,
,Russoya,2091.3,,3.8,,,,,,
,Russoya,2095.6,,2.9,,,,,,
,Russoya,2100.6,,2.5,,,,,,
,Russoya,2105.2,,3.4,,,,,,
G22. 1.3 ,Russoya,2107.3,0.70672,,,35,542,0.06,0,
,Russoya,2110.2,,4.6,,,,,,
G22. 9.1 ,Russoya,2115.1,0.70674,,-4.1,41,623,0.07,0.01,0.9
,Russoya,2115.1,,3.7,,,,,,
,Russoya,2115.4,,0.5,,,,,,
,Russoya,2123.4,,3.5,,,,,,
,Russoya,2124.5,,2.4,,,,,,
,Russoya,2125.8,,2.8,,,,,,
,Russoya,2129.2,,2.3,,,,,,
,Russoya,2131.4,,4.5,,,,,,
,Russoya,2136.8,,5.2,,,,,,
,Russoya,2137.5,,4.5,,,,,,
,Russoya,2140.4,,4.7,,,,,,
,Russoya,2147,,2.8,,,,,,
,Russoya,2149.4,,-0.3,,,,,,
,Russoya,2152.5,,-0.1,,,,,,
,Russoya,2157.4,,-1.6,,,,,,
,Russoya,2160.1,,-2.7,,,,,,
,Russoya,2160.5,,-2.5,,,,,,
,Russoya,2166.2,,-3.8,,,,,,
,Russoya,2169.4,,-4.4,,,,,,
,Russoya,2169.4,,-3.7,,,,,,
G332. 489.9 ,Russoya,2170.7,0.70675,,-2.4,,,,0,-4.8
,Russoya,2170.7,,-4,,,,,,
,Russoya,2171.4,,-4.9,,,,,,
,Russoya,2174.4,,-4.8,,,,,,
,Russoya,2175.4,,-5.7,,,,,,
,Russoya,2175.8,,-6,,,,,,
,Russoya,2177.5,,-5.6,,,,,,
,Russoya,2178.8,,-6.2,,,,,,
,Russoya,2182.8,,-5.2,,,,,,
,Russoya,2182.9,,-2.5,,,,,,
,Russoya,2183,,-5.4,,,,,,
,Russoya,2183.3,,-2.8,,,,,,
,Russoya,2183.9,,-2.9,,,,,,
,Russoya,2183.9,,-5,,,,,,
,Russoya,2184.3,,-2.7,,,,,,
,Russoya,2184.5,,-2.5,,,,,,
,Russoya,2184.8,,-4.7,,,,,,
,Russoya,2184.9,,-3.5,,,,,,
,Russoya,2185.3,,-3,,,,,,
,Russoya,2185.9,,-2.9,,,,,,
,Russoya,2186.2,,-2.6,,,,,,
,Russoya,2186.5,,-2.9,,,,,,
,Russoya,2186.9,,-3,,,,,,
,Russoya,2187.1,,-3.4,,,,,,
,Russoya,2187.4,,-2.8,,,,,,
,Russoya,2187.9,,-2.8,,,,,,
,Russoya,2188.5,,-2.7,,,,,,
,Russoya,2188.9,,-2.7,,,,,,
,Russoya,2189.1,,-3.2,,,,,,
,Russoya,2189.3,,-3.7,,,,,,