section,lithology,formation,strat_m,composite_strat,d13C,d18O,d13Corg,Dd13C,TOC%
W1,dolostone,Bitter Springs,-2000.9,-53.4,-1,-6.1,,,
W1,dolostone,Bitter Springs,-2000.8,-53.3,-1.1,-4.9,,,
W1,insoluble residue,Bitter Springs,-2000.7,-53.2,,,-27.6,26.5,
W1,insoluble residue,Bitter Springs,-1999.5,-52,,,-28.7,27.2,
W1,dolostone,Bitter Springs,-1997.6,-50.1,-1.3,-5,,,
W1,dolostone,Bitter Springs,-1997.6,-50.1,-1.5,-5,,,
W1,dolostone,Bitter Springs,-1996.7,-49.2,-1,-5.3,-29,27.9,0.036
W1,dolostone,Bitter Springs,-1995.4,-47.9,-0.9,-5.5,,,
W1,dolostone,Bitter Springs,-1995,-47.5,-1.2,-5.6,,,
W1,dolostone,Bitter Springs,-1993.7,-46.2,-0.6,-5.3,,,
W1,dolostone,Bitter Springs,-1993.3,-45.8,-0.7,-5.8,,,
W1,insoluble residue,Bitter Springs,-1993.2,-45.7,,,-29.3,28.5,
W1,dolostone,Bitter Springs,-1991.5,-44,0.1,-5.3,,,
W1,dolostone,Bitter Springs,-1990.9,-43.4,-0.3,-5.5,,,
W1,dolostone,Bitter Springs,-1990.3,-42.8,-0.6,-5.5,,,
W1,dolostone,Bitter Springs,-1988.6,-41.1,-0.8,-5.2,-30,29.3,
W1,dolostone,Bitter Springs,-1988.1,-40.6,0.4,-5.1,,,
W1,dolostone,Bitter Springs,-1986.4,-38.9,-0.5,-5.6,,,
W1,dolostone,Bitter Springs,-1985.5,-38,0.2,-4.9,,,
W1,dolostone,Bitter Springs,-1984.2,-36.7,-0.4,-4.7,,,
W1,dolostone,Bitter Springs,-1983.2,-35.7,-0.3,-5.9,,,
W1,dolostone,Bitter Springs,-1981.9,-34.4,0.6,-4.5,-27.7,28.3,0.016
W1,dolostone,Bitter Springs,-1981.5,-34,0.4,-4.8,,,
W1,dolostone,Bitter Springs,-1980.2,-32.7,-0.3,-4,,,
W1,dolostone,Bitter Springs,-1979.4,-31.9,0.2,-5.5,,,
W1,insoluble residue,Bitter Springs,-1978.7,-31.2,,,-28.6,28.7,
W1,dolostone,Bitter Springs,-1978.6,-31.1,0.1,-5.5,,,
W1,dolostone,Bitter Springs,-1977.1,-29.6,0.5,-4.2,,,
W1,dolostone,Bitter Springs,-1976.8,-29.3,0.7,-4.6,,,
W1,dolostone,Bitter Springs,-1975.9,-28.4,-0.6,-5.3,,,
W1,dolostone,Bitter Springs,-1975,-27.5,0.2,-4.4,,,
W1,insoluble residue,Bitter Springs,-1973.8,-26.3,,,-28,28.8,
W1,dolostone,Bitter Springs,-1973.7,-26.2,0.8,-5.3,,,
W1,dolostone,Bitter Springs,-1972.4,-24.9,0.9,-5,,,
W1,insoluble residue,Bitter Springs,-1972.3,-24.8,,,-26.5,27.7,
W1,dolostone,Bitter Springs,-1972.2,-24.7,1.2,-5.3,,,
W1,dolostone,Bitter Springs,-1971.7,-24.2,1.2,-5.4,,,
W1,dolostone,Bitter Springs,-1970.5,-23,0.4,-4.8,,,
W1,dolostone,Bitter Springs,-1969.9,-22.4,1.1,-5,,,
W1,insoluble residue,Bitter Springs,-1969.2,-21.7,,,-27.5,28.6,
W1,dolostone,Bitter Springs,-1968.8,-21.3,1.6,-5.5,,,
W1,dolostone,Bitter Springs,-1967.6,-20.1,1.7,-5.7,,,
W1,dolostone,Bitter Springs,-1967.5,-20,1.7,-5.8,,,
W1,dolostone,Bitter Springs,-1966,-18.5,-1.3,-5.6,,,
W1,dolostone,Bitter Springs,-1965.3,-17.8,0.4,-4.4,,,
W1,dolostone,Bitter Springs,-1963.8,-16.3,0.8,-2.7,,,
W1,dolostone,Bitter Springs,-1963.2,-15.7,1,-2.6,,,
W1,dolostone,Bitter Springs,-1961.9,-14.4,1.3,-3.1,,,
W1,insoluble residue,Bitter Springs,-1961.9,-14.4,,,-27,28.3,
W1,dolostone,Bitter Springs,-1961.3,-13.8,1.6,-3.3,,,
W1,,Bitter Springs,-1960.9,-13.4,,,,,
W1,dolostone,Bitter Springs,-1960,-12.5,1.9,-2.2,-27.6,29.5,
W1,dolostone,Bitter Springs,-1958.8,-11.3,2,-2.3,,,
W1,dolostone,Bitter Springs,-1958.1,-10.6,2,-2.6,,,
W1,dolostone,Bitter Springs,-1957.2,-9.7,2.2,-3.2,,,
W1,dolostone,Bitter Springs,-1956.3,-8.8,2.6,-2,,,
W1,,Bitter Springs,-1955.4,-7.9,,,,,
W1,insoluble residue,Bitter Springs,-1955.3,-7.8,,,-28.3,32.4,0.109
W1,dolostone,Bitter Springs,-1954.2,-6.7,4.1,-2.7,,,
W1,dolostone,Bitter Springs,-1953.5,-6,4.2,-3.4,-27,,0.014
W1,dolostone,Bitter Springs,-1952,-4.5,4.8,-5,-26.6,31.4,
W1,dolostone,Bitter Springs,-1951.3,-3.8,4.6,-4.5,,,
W1,dolostone,Bitter Springs,-1950.6,-3.1,4.7,-2.5,,,
W1,dolostone,Bitter Springs,-1950.1,-2.6,4.4,-4.4,,,
W1,insoluble residue,Bitter Springs,-1949.6,-2.1,,,-26,26,
W1,dolostone,Bitter Springs,-1947.5,0,6.5,-1.7,,,
W1,dolostone,Bitter Springs,-1947.1,0.4,6.6,-3.5,-26.5,33.1,
W1,dolostone,Bitter Springs,-1946.1,1.4,6.4,-5.8,-27.3,33.7,0.014
W1,dolostone,Bitter Springs,-1938.2,9.3,4.8,-2.7,-25.3,30.1,0.006
W1,dolostone,Bitter Springs,-1937,10.5,1.3,-5.2,-29.1,,0.076
W1,insoluble residue,Bitter Springs,-1936.3,11.2,,,-27.5,28.8,
W1,dolostone,Bitter Springs,-1936.2,11.3,1.3,-6.3,,,
W1,dolostone,Bitter Springs,-1935.6,11.9,1.5,-5.6,,,
W1,dolostone,Bitter Springs,-1934.3,13.2,0.5,-5.3,,,
W1,insoluble residue,Bitter Springs,-1934,13.5,,,-25.7,26.2,
W1,dolostone,Bitter Springs,-1933.4,14.1,0.1,-5.4,,,
W1,dolostone,Bitter Springs,-1932.2,15.3,-0.7,-5.7,,,
W1,dolostone,Bitter Springs,-1931.3,16.2,-1.1,-5.8,,,
W1,insoluble residue,Bitter Springs,-1931.1,16.4,,,-27.2,26.1,
W1,dolostone,Bitter Springs,-1930.6,16.9,-1.1,-5.7,,,
W1,dolostone,Bitter Springs,-1929.6,17.9,-1.5,-6,,,
W1,,Bitter Springs,-1929.1,18.4,,,,,
W1,dolostone,Bitter Springs,-1928.6,18.9,-1.8,-6,,,
W1,dolostone,Bitter Springs,-1928.3,19.2,-1.3,-5.6,,,
W1,dolostone,Bitter Springs,-1927.3,20.2,-1.3,-5.5,,,
W1,dolostone,Bitter Springs,-1926.6,20.9,-1.3,-5.7,,,
W1,dolostone,Bitter Springs,-1926,21.5,-1.1,-5.7,,,
W1,insoluble residue,Bitter Springs,-1924.1,23.4,,,-27.4,26.2,
W1,dolostone,Bitter Springs,-1923.1,24.4,-1.2,-5.2,,,
W1,dolostone,Bitter Springs,-1922.3,25.2,-1.1,-6,-30.7,29.6,0.063
W1,dolostone,Bitter Springs,-1920.7,26.8,-1.3,-5.7,,,
W1,dolostone,Bitter Springs,-1920,27.5,-1.5,-5.6,-30,28.6,0.034
W1,dolostone,Bitter Springs,-1919.3,28.2,-1.5,-5.8,,,
W1,dolostone,Bitter Springs,-1917.9,29.6,-1.5,-5.5,,,
W1,dolostone,Bitter Springs,-1917.2,30.3,-1.9,-5.5,,,
W1,dolostone,Bitter Springs,-1916.4,31.1,-1.6,-5.8,,,
W1,dolostone,Bitter Springs,-1914.6,32.9,-1.5,-5.7,,,
W1,dolostone,Bitter Springs,-1913.2,34.3,-2.1,-5.2,-30.1,28,0.053
W1,dolostone,Bitter Springs,-1912.6,34.9,-2.2,-5.5,,,
W1,dolostone,Bitter Springs,-1911.5,36,-2.3,-5.1,,,
W1,anhydrite,Bitter Springs,-1910.5,37,,,,,
W1,dolostone,Bitter Springs,-1910.4,37.1,-2.3,-5.6,,,
W1,anhydrite,Bitter Springs,-1910.3,37.2,,,,,
W1,dolostone,Bitter Springs,-1909.6,37.9,-2.4,-5.7,,,
W1,dolostone,Bitter Springs,-1908.4,39.1,-2.4,-5.5,,,
W1,insoluble residue,Bitter Springs,-1908.1,39.4,,,-28.4,26,
W1,dolostone,Bitter Springs,-1907.5,40,-2.8,-5.1,,,
W1,,Bitter Springs,-1906.8,40.7,,,,,
W1,dolostone,Bitter Springs,-1906.5,41,-3.2,-6.1,,,
W1,dolostone,Bitter Springs,-1905.9,41.6,-3.2,-6,,,
W1,dolostone,Bitter Springs,-1904.8,42.7,-2.6,-4.5,,,
W1,dolostone,Bitter Springs,-1904,43.5,-2.6,-5.5,,,
W1,anhydrite,Bitter Springs,-1902.5,45.1,,,,,
W1,dolostone,Bitter Springs,-1901.6,45.9,-3.2,-5.4,,,
W1,dolostone,Bitter Springs,-1901.1,46.4,-2.8,-5.9,,,
W1,insoluble residue,Bitter Springs,-1900.8,46.7,,,-29.1,26.3,
W1,dolostone,Bitter Springs,-1899.8,47.7,-3.5,-5.7,,,
W1,dolostone,Bitter Springs,-1898.6,48.9,-3.2,-6,,,
W1,dolostone,Bitter Springs,-1897.5,50,-2.9,-5.9,,,
W1,,Bitter Springs,-1896.7,50.8,,,,,
W1,dolostone,Bitter Springs,-1896.5,51,-2.9,-5.8,,,
W1,dolostone,Bitter Springs,-1896.3,51.2,-2.9,-5.9,-30.8,27.9,0.061
W1,,Bitter Springs,-1895.8,51.7,,,,,
W1,dolostone,Bitter Springs,-1895.2,52.3,-2.9,-6,,,
W1,dolostone,Bitter Springs,-1893.5,54,-3.2,-5.8,,,
W1,dolostone,Bitter Springs,-1891.9,55.6,-2.9,-5.1,,,
W1,insoluble residue,Bitter Springs,-1891.8,55.7,,,-30.9,28,
W1,dolostone,Bitter Springs,-1891.2,56.3,-2.9,-5.1,,,
W1,dolostone,Bitter Springs,-1890.7,56.8,-3.1,-5.3,,,
W1,dolostone,Bitter Springs,-1890.2,57.3,-3,-5.5,,,
W1,dolostone,Bitter Springs,-1889.2,58.3,-3.1,-5.5,,,
W1,dolostone,Bitter Springs,-1888.2,59.3,-3.1,-4.8,,,
W1,dolostone,Bitter Springs,-1887.6,59.9,-3.1,-5.3,,,
W1,dolostone,Bitter Springs,-1886.2,61.3,-3.2,-5,,,
W1,insoluble residue,Bitter Springs,-1886.1,61.4,,,-28.3,25.1,
W1,dolostone,Bitter Springs,-1885.9,61.6,-3.4,-5.6,,,
W1,dolostone,Bitter Springs,-1884.9,62.6,-3.7,-6.1,,,
W1,dolostone,Bitter Springs,-1883.2,64.3,-3.7,-5.3,,,
W1,dolostone,Bitter Springs,-1882.3,65.2,-3.1,-5.8,,,
W1,limestone,Bitter Springs,-1882,65.5,-2.9,-9.8,,,
W1,dolostone,Bitter Springs,-1881.2,66.3,-3.5,-5.8,,,
W1,dolostone,Bitter Springs,-1880.1,67.4,-4.1,-5.2,,,
W1,dolostone,Bitter Springs,-1878.8,68.7,-4.2,-4.8,,,
W1,dolostone,Bitter Springs,-1878.3,69.2,-4,-5.1,,,
W1,dolostone,Bitter Springs,-1877.8,69.7,-4.1,-5,,,
W1,dolostone,Bitter Springs,-1877.6,69.9,-3.4,-5.1,,,
W1,dolostone,Bitter Springs,-1876.4,71.1,-3.8,-5.3,-30.9,27.1,
W1,dolostone,Bitter Springs,-1874.9,72.6,-3.1,-4.6,,,
W1,dolostone,Bitter Springs,-1874.3,73.2,-3.1,-3.5,,,
W1,insoluble residue,Bitter Springs,-1874.2,73.3,,,-30.7,27.6,
W1,dolostone,Bitter Springs,-1872.8,74.7,-2.8,-3.2,,,
W1,dolostone,Bitter Springs,-1872.4,75.1,-3.1,-4.7,,,
W1,dolostone,Bitter Springs,-1871.3,76.2,-2.9,-4.7,,,
W1,,Bitter Springs,-1870.9,76.6,,,,,
W1,dolostone,Bitter Springs,-1870.6,76.9,-3.2,-4.9,,,
W1,,Bitter Springs,-1870,77.5,,,,,
W1,dolostone,Bitter Springs,-1869.3,78.2,-3,-4.2,,,
W1,insoluble residue,Bitter Springs,-1868.8,78.7,,,-31,27.9,
W1,dolostone,Bitter Springs,-1868.1,79.4,-3.1,-3.7,,,
W1,dolostone,Bitter Springs,-1867.1,80.4,-2.9,-4.9,,,
W1,dolostone,Bitter Springs,-1866.6,80.9,-3.2,-5.1,,,
W1,dolostone,Bitter Springs,-1865.9,81.6,-3.1,-3.5,,,
W1,dolostone,Bitter Springs,-1865.5,82,-3.4,-4.7,,,
W1,dolostone,Bitter Springs,-1865,82.5,-3.5,-5,,,
W1,insoluble residue,Bitter Springs,-1864.2,83.3,,,-29.9,26.4,
W1,dolostone,Bitter Springs,-1862.8,84.7,-3.5,-4.7,,,
W1,dolostone,Bitter Springs,-1862.4,85.1,-3.8,-4.9,,,
W1,dolostone,Bitter Springs,-1861.3,86.2,-4,-4.9,,,
W1,dolostone,Bitter Springs,-1861,86.5,-3.6,-4.3,,,
W1,dolostone,Bitter Springs,-1859.8,87.7,-4.1,-5,-32.1,28,0.145
W1,dolostone,Bitter Springs,-1859.2,88.3,-3.9,-4.6,,,
W1,,Bitter Springs,-1859,88.5,,,,,
W1,,Bitter Springs,-1858.8,88.7,,,,,
W1,dolostone,Bitter Springs,-1857.6,89.9,-4,-4.9,,,
W1,dolostone,Bitter Springs,-1857.1,90.4,-3.6,-5,,,
W1,,Bitter Springs,-1857,90.5,,,,,
W1,insoluble residue,Bitter Springs,-1855.7,91.8,,,-31.5,28,
W1,dolostone,Bitter Springs,-1855.2,92.3,-3.6,-4.6,,,
W1,dolostone,Bitter Springs,-1855,92.5,-3.5,-5.2,,,
W1,dolostone,Bitter Springs,-1853.7,93.8,-3.4,-4.8,,,
W1,dolostone,Bitter Springs,-1853.4,94.1,-3.1,-4.7,,,
W1,dolostone,Bitter Springs,-1850.2,97.3,,,,,
W1,dolostone,Bitter Springs,-1849.5,98,,,,,
W1,dolostone,Bitter Springs,-1848.2,99.3,,,,,
W1,dolostone,Bitter Springs,-1846.2,101.3,-2.3,-3.6,,,
W1,dolostone,Bitter Springs,-1846,101.5,-3.1,-4.3,,,
W1,dolostone,Bitter Springs,-1845.4,102.1,-3.1,-4.6,,,
W1,dolostone,Bitter Springs,-1844.7,102.8,-3,-4.3,,,
W1,,Bitter Springs,-1844.5,103,,,,,
W1,insoluble residue,Bitter Springs,-1844.3,103.2,,,-31,28,
W1,dolostone,Bitter Springs,-1843.4,104.1,-3.1,-4.5,,,
W1,,Bitter Springs,-1842.8,104.7,,,,,
W1,dolostone,Bitter Springs,-1842.2,105.3,-2.9,-5.1,,,
W1,dolostone,Bitter Springs,-1841.4,106.1,-3.1,-5.3,,,
W1,dolostone,Bitter Springs,-1840.7,106.8,-3.1,-4.1,,,
W1,dolostone,Bitter Springs,-1839.6,107.9,-3.1,-4.1,-31,27.9,
W1,dolostone,Bitter Springs,-1838.7,108.8,-3.4,-4.9,,,
W1,,Bitter Springs,-1838.6,108.9,,,,,
W1,dolostone,Bitter Springs,-1838.2,109.3,-2.9,-5.4,,,
W1,insoluble residue,Bitter Springs,-1837.2,110.3,,,-32.3,29.4,
W1,dolostone,Bitter Springs,-1836.6,110.9,-2.4,-3.5,,,
W1,dolostone,Bitter Springs,-1834.7,112.8,-2.5,-4.8,,,
W1,,Bitter Springs,-1834.6,112.9,,,,,
W1,dolostone,Bitter Springs,-1833.5,114,-2.4,-4.5,,,
W1,insoluble residue,Bitter Springs,-1833.3,114.2,,,-30.2,27.6,
W1,dolostone,Bitter Springs,-1833.2,114.3,-2.6,-4.4,,,
W1,dolostone,Bitter Springs,-1832,115.5,-2.6,-4.2,,,
W1,dolostone,Bitter Springs,-1831.7,115.8,-2.7,-3.8,,,
W1,dolostone,Bitter Springs,-1831.2,116.3,-2.7,-4.3,,,
W1,dolostone,Bitter Springs,-1829.9,117.6,-2.9,-3.7,,,
W1,insoluble residue,Bitter Springs,-1829.1,118.4,,,-31.8,28.8,
W1,dolostone,Bitter Springs,-1828.5,119,-3.2,-4.5,,,
W1,dolostone,Bitter Springs,-1827,120.5,-3.6,-4.6,,,
W1,dolostone,Bitter Springs,-1826.8,120.7,-3.6,-4.5,,,
W1,insoluble residue,Bitter Springs,-1825.9,121.6,,,-28.9,26.2,
W1,dolostone,Bitter Springs,-1825.4,122.1,-2.7,-3.5,,,
W1,dolostone,Bitter Springs,-1824.7,122.8,-2.8,-4,,,
W1,dolostone,Bitter Springs,-1823.1,124.4,-2.6,-4.3,,,
W1,insoluble residue,Bitter Springs,-1823,124.5,,,-29.8,27.3,
W1,,Bitter Springs,-1822.2,125.3,,,,,
W1,dolostone,Bitter Springs,-1821.3,126.2,-2.5,-5,,,
W1,dolostone,Bitter Springs,-1820.9,126.6,-2.5,-4.8,-30.4,27.9,
W1,dolostone,Bitter Springs,-1819.9,127.6,-2.2,-4.7,,,
W1,dolostone,Bitter Springs,-1818.5,129,-2.6,-4.9,,,
W1,insoluble residue,Bitter Springs,-1818,129.5,,,-29.8,27.2,
W1,dolostone,Bitter Springs,-1817.3,130.2,-2.8,-6.1,,,
W1,,Bitter Springs,-1817.1,130.4,,,,,
W1,insoluble residue,Bitter Springs,-1817,130.5,,,-28.3,25.5,
W1,dolostone,Bitter Springs,-1815.7,131.8,-2.4,-5.2,,,
W1,dolostone,Bitter Springs,-1814.4,133.1,-2.7,-6,,,
W1,insoluble residue,Bitter Springs,-1813.3,134.2,,,-29.7,27,
W1,insoluble residue,Bitter Springs,-1813,134.5,,,-30,27.5,
W1,dolostone,Bitter Springs,-1812.4,135.1,-2.5,-6,,,
W1,dolostone,Bitter Springs,-1811,136.5,-2,-5.9,,,
W1,dolostone,Bitter Springs,-1810.5,137,-2.4,-6.6,,,
W1,dolostone,Bitter Springs,-1809.6,137.9,-2.5,-5.7,,,
W1,dolostone,Bitter Springs,-1807.7,139.8,-3.5,-6.2,,,
W1,insoluble residue,Bitter Springs,-1807.6,139.9,,,-30.1,26.6,
W1,dolostone,Bitter Springs,-1805.7,141.8,-2,-6.1,,,
W1,dolostone,Bitter Springs,-1804.4,143.1,-2.5,-5.3,-30.4,27.9,0.016
W1,dolostone,Bitter Springs,-1802.7,144.8,-2.3,-5.9,,,
W1,,Bitter Springs,-1801.7,145.9,,,,,
W1,dolostone,Bitter Springs,-1801,146.5,-2,-6.1,,,
W1,,Bitter Springs,-1800,147.5,,,,,
W1,dolostone,Bitter Springs,-1799.2,148.3,-2,-5.5,,,
W1,dolostone,Bitter Springs,-1798,149.5,-2.1,-5.7,-29.8,27.8,0.03
W1,dolostone,Bitter Springs,-1796.7,150.8,-3.1,-7.5,,,
W1,,Bitter Springs,-1796.5,151,,,,,
W1,dolostone,Bitter Springs,-1794,153.5,-1.8,-4.6,,,
W1,dolostone,Bitter Springs,-1793,154.5,-1.5,-4.3,-26.8,25.3,0.007
W1,dolostone,Bitter Springs,-1791.4,156.1,-1.8,-4.5,,,
W1,insoluble residue,Bitter Springs,-1750.2,197.3,,,-26.7,32.4,
W1,dolostone,Bitter Springs,-1750,197.5,5.7,-2.5,,,
W1,dolostone,Bitter Springs,-1743,204.5,4.9,-2.5,,,
W1,insoluble residue,Bitter Springs,-1743,204.5,,,-27.2,32.1,
W1,dolostone,Bitter Springs,-1742.7,204.8,5.1,-2.6,,,
W1,insoluble residue,Bitter Springs,-1742.5,205,,,-26.3,31.8,
W1,dolostone,Bitter Springs,-1742.4,205.1,5.6,-3.4,,,
W1,limestone,Bitter Springs,-1741.3,206.2,5,-5.9,,,
W1,limestone,Bitter Springs,-1740.6,206.9,5,-6,,,
W1,limestone,Bitter Springs,-1740.3,207.2,5.1,-6.1,,,
W1,limestone,Bitter Springs,-1739.3,208.2,5.6,-5.5,,,
W1,limestone,Bitter Springs,-1738.5,209,5.1,-6.1,,,
W1,limestone,Bitter Springs,-1737.7,209.8,5.9,-5.7,,,
W1,insoluble residue,Bitter Springs,-1736.8,210.7,,,-25.9,31.3,
W1,limestone,Bitter Springs,-1735.7,211.8,5.5,-5.5,,,
W1,limestone,Bitter Springs,-1734.2,213.3,6.1,-4.9,,,
W1,limestone,Bitter Springs,-1733.6,213.9,5.9,-5,,,
W1,limestone,Bitter Springs,-1733,214.5,6,-5.1,,,
W1,insoluble residue,Bitter Springs,-1732.9,214.6,,,-26.3,32.3,
W1,limestone,Bitter Springs,-1732,215.5,5.8,-4.9,,,
W1,limestone,Bitter Springs,-1730.9,216.6,5.4,-5.3,,,
W1,dolostone,Bitter Springs,-1729.6,217.9,5.3,-3.3,,,
W1,dolostone,Bitter Springs,-1728.8,218.7,5,-2.5,-27.9,32.9,
W1,insoluble residue,Bitter Springs,-1727.8,219.7,,,-26.7,31.6,
W1,dolostone,Bitter Springs,-1727.7,219.8,4.9,-2.7,,,
W1,,Bitter Springs,-1727.1,220.4,,,,,
W1,limestone,Bitter Springs,-1726.4,221.1,4.8,-5.5,,,
W1,dolostone,Bitter Springs,-1723.3,224.2,3.8,-2.1,,,
W1,insoluble residue,Bitter Springs,-1723.3,224.2,,,-27,30.8,
W1,dolostone,Bitter Springs,-1721.2,226.3,4.1,-3.7,,,
W1,insoluble residue,Bitter Springs,-1721.2,226.3,,,-26.6,30.8,
W1,dolostone,Bitter Springs,-1720.3,227.2,3.9,-5.2,,,
W1,,Bitter Springs,-1719.2,228.3,,,,,
W1,dolostone,Bitter Springs,-1719.1,228.4,4.1,-2.6,,,
W1,limestone,Bitter Springs,-1718,229.5,1.1,-11.7,,,
W1,dolostone,Bitter Springs,-1709.7,237.8,5.6,-1.8,,,
W1,insoluble residue,Bitter Springs,-1709.7,237.8,,,-27.4,33,
W1,dolostone,Bitter Springs,-1707.5,240,5.5,-2.1,,,
W1,limestone,Bitter Springs,-1704.7,242.8,4.9,-8.7,,,
W1,insoluble residue,Bitter Springs,-1703.8,243.7,,,-26.6,31.4,
W1,limestone,Bitter Springs,-1703.7,243.8,4.8,-6.6,,,
W1,limestone,Bitter Springs,-1703.3,244.2,4.7,-6.7,,,
W1,dolostone,Bitter Springs,-1702.3,245.2,5.8,-3.3,,,
W1,dolostone,Bitter Springs,-1701.9,245.6,5.9,-1.5,,,
W1,insoluble residue,Bitter Springs,-1701.9,245.6,,,-24.4,30.2,
W1,dolostone,Bitter Springs,-1700.7,246.8,5.1,-3.8,,,
W1,dolostone,Bitter Springs,-1695.6,251.9,5.3,-2.8,,,
W1,dolostone,Bitter Springs,-1695.4,252.1,5.1,-2.4,,,
W1,insoluble residue,Bitter Springs,-1695.3,252.2,,,-21.5,26.9,
W1,limestone,Bitter Springs,-1673.9,273.6,3.8,-6.6,,,
W1,limestone,Bitter Springs,-1673.6,273.9,4.1,-6.4,,,
W1,limestone,Bitter Springs,-1673.2,274.3,4.3,-6.8,,,
W1,,Bitter Springs,-1673.1,274.4,,,,,
W1,limestone,Bitter Springs,-1671.9,275.6,3.9,-9.5,,,
W1,limestone,Bitter Springs,-1671.3,276.2,3.6,-9.2,,,
W1,limestone,Bitter Springs,-1671.1,276.4,3.7,-7.7,-25.3,29,0.006
W1,dolostone,Bitter Springs,-1671,276.5,4.3,-3.7,,,
W1,dolostone,Bitter Springs,-1670.9,276.6,3.6,-3,,,
W1,limestone,Bitter Springs,-1665.2,282.3,4.3,-8.2,-25.8,30.1,0.006
W1,limestone,Bitter Springs,-1664.8,282.7,4.7,-7.5,,,
W1,limestone,Bitter Springs,-1664,283.5,4.9,-10.4,,,
W1,limestone,Bitter Springs,-1662.9,284.6,4.8,-11.4,,,
W1,insoluble residue,Bitter Springs,-1659.8,287.7,,,-25.8,31.9,
W1,limestone,Bitter Springs,-1659.3,288.2,6.1,-10.1,,,
W1,limestone,Bitter Springs,-1658.6,288.9,6,-10.5,,,
W1,dolostone,Bitter Springs,-1658.3,289.2,7.1,-5.6,,,
W1,limestone,Bitter Springs,-1657.8,289.7,6.2,-12.7,,,
W1,dolostone,Bitter Springs,-1654.4,293.1,4.4,-3.5,,,
W1,dolostone,Bitter Springs,-1652.5,295,4.6,-5.1,,,
W1,dolostone,Bitter Springs,-1648.4,299.1,5.8,-4.8,-25.1,30.9,0.021
W1,dolostone,Bitter Springs,-1645.6,301.9,5.6,-4,,,
W1,dolostone,Bitter Springs,-1644.2,303.3,4.8,-6.7,,,
W1,dolostone,Bitter Springs,-1643.8,303.7,5.7,-4.9,,,
W1,dolostone,Bitter Springs,-1642.3,305.2,6.7,-2.9,-25.5,32.2,0.014
W1,dolostone,Bitter Springs,-1641.8,305.7,7.3,-8.3,,,
W1,limestone,Bitter Springs,-1640.5,307,6.8,-6.9,,,
W1,insoluble residue,Bitter Springs,-1639.5,308,,,-26.1,32.8,
W1,limestone,Bitter Springs,-1639.4,308.1,6.7,-7.2,,,
W1,dolostone,Bitter Springs,-1638.7,308.8,7.3,-5.9,,,
W1,dolostone,Bitter Springs,-1637.5,310,6.7,-5.5,,,
W1,dolostone,Bitter Springs,-1637.1,310.4,6.7,-3.2,,,
W1,dolostone,Bitter Springs,-1635.8,311.7,7.2,-7,,,
W1,insoluble residue,Bitter Springs,-1634.9,312.6,,,-24.6,31.3,
W1,limestone,Bitter Springs,-1634.8,312.7,6.7,-6.8,,,
W1,limestone,Bitter Springs,-1633.4,314.1,6.1,-8.4,,,
W1,dolostone,Bitter Springs,-1632.6,314.9,4.7,-6.4,,,
W1,dolostone,Bitter Springs,-1632.1,315.4,7,-4,,,
W1,insoluble residue,Bitter Springs,-1632,315.5,,,-22.2,29.2,
W1,dolostone,Bitter Springs,-1631.3,316.2,6.8,-3.4,,,
W1,limestone,Bitter Springs,-1630.1,317.4,7.6,-6.6,,,
W1,dolostone,Bitter Springs,-1629.2,318.3,5.4,-2.5,,,
W1,dolostone,Bitter Springs,-1628.3,319.2,5.8,-2.2,-25.5,31.4,0.048
W1,limestone,Bitter Springs,-1626.2,321.3,7,-7.9,,,
W1,limestone,Bitter Springs,-1625.1,322.4,7.1,-8.3,,,
W1,limestone,Bitter Springs,-1624,323.5,6.9,-6.9,,,
W1,limestone,Bitter Springs,-1623,324.5,6.5,-7.1,,,
W1,limestone,Bitter Springs,-1622,325.5,6.9,-7.1,,,
W1,dolostone,Bitter Springs,-1621,326.5,6.9,-5.8,,,
W1,insoluble residue,Bitter Springs,-1620.5,327,,,-24.1,30.8,
W1,limestone,Bitter Springs,-1620.4,327.1,6.7,-4.8,,,
W1,dolostone,Bitter Springs,-1619.3,328.2,6.4,-2.8,,,
W1,dolostone,Bitter Springs,-1618.8,328.7,6.8,-3.2,,,
W1,limestone,Bitter Springs,-1617.4,330.1,5.5,-3.8,,,
W1,limestone,Bitter Springs,-1617,330.5,7.3,-7.6,,,
W1,limestone,Bitter Springs,-1615.9,331.6,5.5,-7.9,-27.2,32.7,0.041
W1,dolostone,Bitter Springs,-1614.7,332.8,4.1,-1.8,,,
W1,dolostone,Bitter Springs,-1613.1,334.4,5.1,-2.9,,,
W1,limestone,Bitter Springs,-1611.7,335.8,6.2,-7,,,
W1,dolostone,Bitter Springs,-1610.7,336.8,4.1,-2.5,,,
W1,dolostone,Bitter Springs,-1609.8,337.7,5.8,-4.1,-26.8,32.6,0.055
W1,limestone,Bitter Springs,-1608.8,338.7,6.9,-8.6,,,
W1,limestone,Bitter Springs,-1608,339.5,7.2,-7.1,,,
W1,limestone,Bitter Springs,-1607,340.5,6.8,-7.9,,,
W1,limestone,Bitter Springs,-1605.9,341.6,6.5,-8.1,,,
W1,limestone,Bitter Springs,-1604.9,342.6,6,-7.9,,,
W1,limestone,Bitter Springs,-1604,343.5,6.1,-8,,,
W1,limestone,Bitter Springs,-1603,344.5,6.1,-8.1,,,
W1,limestone,Bitter Springs,-1602.1,345.4,6.3,-7,,,
W1,dolostone,Bitter Springs,-1601.5,346,6.3,-6.7,,,
W1,limestone,Bitter Springs,-1600.9,346.6,4.9,-10.4,,,
W1,dolostone,Bitter Springs,-1594.8,352.7,4.2,-3.5,,,
W1,dolostone,Bitter Springs,-1591,356.5,4.4,-4.1,,,
W1,insoluble residue,Bitter Springs,-1590.9,356.6,,,-27.1,31.5,
W1,dolostone,Bitter Springs,-1590.3,357.2,5.2,-4,,,
W1,,Bitter Springs,-1589.8,357.7,,,,,
W1,dolostone,Bitter Springs,-1589.4,358.1,4.6,-5.5,,,
W1,dolostone,Bitter Springs,-1587.6,359.9,4.1,-4.8,-25.8,29.8,0.038
W1,dolostone,Bitter Springs,-1586.6,360.9,4.2,-5.4,,,
W1,insoluble residue,Bitter Springs,-1581.1,366.4,,,-27.8,33.3,
W1,dolostone,Bitter Springs,-1581,366.5,5.6,-3.8,,,
W1,dolostone,Bitter Springs,-1580,367.5,6.2,-4,,,
W1,dolostone,Bitter Springs,-1579.8,367.7,6.1,-5,,,
W1,dolostone,Bitter Springs,-1578.2,369.3,5.5,-4.9,,,
W1,dolostone,Bitter Springs,-1577.9,369.6,4.9,-5.3,,,
W1,dolostone,Bitter Springs,-1577.4,370.1,5.1,-5.5,,,
W1,dolostone,Bitter Springs,-1576.5,371,4.5,-5,,,
W1,,Bitter Springs,-1574.4,373.1,,,,,
W1,dolostone,Bitter Springs,-1570,377.5,4.5,-4,-26.2,30.7,0.013
W1,dolostone,Bitter Springs,-1569,378.5,4.7,-4.6,,,
W1,dolostone,Bitter Springs,-1567.9,379.6,4.7,-4,,,
W1,dolostone,Bitter Springs,-1567.5,380,4.3,-5.5,,,
W1,dolostone,Bitter Springs,-1567.1,380.4,4,-5.6,,,
W1,dolostone,Bitter Springs,-1566.6,380.9,3.3,-3.3,,,
W1,dolostone,Bitter Springs,-1562.8,384.7,4.8,-4.8,,,
W1,dolostone,Bitter Springs,-1561.6,385.9,4.3,-5.4,,,
W1,dolostone,Bitter Springs,-1560.2,387.3,3.4,-7.7,,,
W1,dolostone,Bitter Springs,-1559.2,388.3,4.6,-5,-26.9,31.5,0.058
W1,dolostone,Bitter Springs,-1558.3,389.2,4.6,-5.5,,,
W1,dolostone,Bitter Springs,-1557.6,389.9,4,-5.2,,,
W1,,Bitter Springs,-1548.6,398.9,,,,,
W1,insoluble residue,Bitter Springs,-1548.3,399.2,,,-27.2,31.8,
W1,dolostone,Bitter Springs,-1548,399.5,4.6,-5.1,,,
W1,dolostone,Bitter Springs,-1543,404.5,4.8,-5.6,,,
W1,insoluble residue,Bitter Springs,-1542.8,404.7,,,-27.2,32,
W1,dolostone,Bitter Springs,-1542.1,405.4,4.6,-5.9,,,
W1,dolostone,Bitter Springs,-1541.3,406.2,4.4,-5.8,,,
W1,dolostone,Bitter Springs,-1540.5,407,4.3,-6.1,,,
W1,insoluble residue,Bitter Springs,-1540.4,407.1,,,-26.8,31.1,
W1,dolostone,Bitter Springs,-1539.1,408.4,3.3,-5.2,,,
W1,dolostone,Bitter Springs,-1538.5,409,4.3,-4.9,,,
W1,,Bitter Springs,-1538.3,409.2,,,,,
W1,dolostone,Bitter Springs,-1537,410.5,3.9,-4.5,-25.9,29.8,0.054
W1,dolostone,Bitter Springs,-1536.5,411,3.8,-5.6,,,
W1,dolostone,Bitter Springs,-1535,412.5,2,-4.8,,,
W1,dolostone,Bitter Springs,-1498.7,448.8,3.8,-4,,,
W1,dolostone,Bitter Springs,-1498,449.5,3.6,-4.2,,,
W1,dolostone,Bitter Springs,-1497.1,450.4,3.6,-4.3,-28.1,31.8,0.022
W1,dolostone,Bitter Springs,-1495,452.5,3.6,-6.3,,,
W1,insoluble residue,Bitter Springs,-1494.1,453.4,,,-28.5,32.3,
W1,dolostone,Bitter Springs,-1494,453.5,3.8,-4.1,,,
W1,dolostone,Bitter Springs,-1493.6,453.9,3.6,-3.9,,,
W1,dolostone,Bitter Springs,-1492.4,455.1,3.4,-5.2,-28.3,31.7,0.021
W1,dolostone,Bitter Springs,-1491.6,455.9,3.3,-4.4,,,
W1,,Bitter Springs,-1491.1,456.4,,,,,
W1,dolostone,Bitter Springs,-1490.7,456.8,3.1,-4.8,,,
W1,dolostone,Bitter Springs,-1489.7,457.8,2.7,-8.8,,,
W1,,Bitter Springs,-1487.2,460.3,,,,,
W1,dolostone,Bitter Springs,-1486.1,461.4,2.5,-4.4,-26.6,29.1,0.013
W1,,Bitter Springs,-1461.5,486,,,,,
W1,,Bitter Springs,-1461.1,486.4,,,,,
W1,dolostone,Bitter Springs,-1459,488.5,4.8,-5,,,
W1,dolostone,Bitter Springs,-1455.6,491.9,4.9,-4.5,,,
W1,dolostone,Bitter Springs,-1455.5,492,5,-1.2,,,
W1,dolostone,Bitter Springs,-1453.3,494.2,4.7,-4.7,,,
W1,,Bitter Springs,-1451.2,496.3,,,,,
W1,dolostone,Bitter Springs,-1451.1,496.4,5,-4.1,,,
W1,dolostone,Bitter Springs,-1450.3,497.2,4.1,-3.1,,,
W1,dolostone,Bitter Springs,-1449.6,497.9,3.5,-2.2,,,
W1,dolostone,Bitter Springs,-1446.5,501,2.6,-3.3,,,
W1,dolostone,Bitter Springs,-1445.4,502.1,2.8,-3.9,,,
W1,,Bitter Springs,-1445.2,502.3,,,,,
W1,,Bitter Springs,-1443.4,504.1,,,,,
W1,,Bitter Springs,-1442.4,505.1,,,,,
W1,,Bitter Springs,-1441,506.5,,,,,
W1,,Bitter Springs,-1440.8,506.7,,,,,
W1,dolostone,Bitter Springs,-1440.7,506.8,2.7,-0.9,,,
W1,,Bitter Springs,-1439,508.5,,,,,
W1,dolostone,Bitter Springs,-1438.2,509.3,3.8,-3.2,,,
W1,dolostone,Bitter Springs,-1435.2,512.3,3.8,-4.2,,,
W1,,Bitter Springs,-1434.7,512.8,,,,,
W1,dolostone,Bitter Springs,-1434.4,513.1,4.2,-2.6,,,
W1,insoluble residue,Bitter Springs,-1434.1,513.4,,,-26.4,30.6,
W1,dolostone,Bitter Springs,-1433.1,514.4,4.3,-1.9,,,
W1,,Bitter Springs,-1432,515.5,,,,,
W1,,Bitter Springs,-1431.6,516,,,,,
W1,dolostone,Bitter Springs,-1430.1,517.4,4.8,-3.3,,,
W1,insoluble residue,Bitter Springs,-1430.1,517.4,,,-28.2,33,
W1,dolostone,Bitter Springs,-1430,517.5,4.7,-3.9,,,
W1,dolostone,Bitter Springs,-1428.7,518.8,4.5,-3.7,,,
W1,,Bitter Springs,-1428.6,518.9,,,,,
W1,dolostone,Bitter Springs,-1428.4,519.1,4.3,-4.2,,,
W1,insoluble residue,Bitter Springs,-1428.4,519.1,,,-27.5,31.8,
W1,dolostone,Bitter Springs,-1427.5,520,3.6,-2.8,,,
W1,insoluble residue,Bitter Springs,-1427.2,520.3,,,-28.2,31.8,
W1,,Bitter Springs,-1427.1,520.4,,,,,
W1,insoluble residue,Bitter Springs,-1426.4,521.1,,,-27.6,31.5,
W1,dolostone,Bitter Springs,-1426.3,521.2,3.9,-3.7,,,
W1,,Bitter Springs,-1426.1,521.4,,,,,
W1,dolostone,Bitter Springs,-1425.5,522,3.3,-3.6,,,
W1,dolostone,Bitter Springs,-1425.4,522.1,3.2,-4.5,,,
W1,dolostone,Bitter Springs,-1424.3,523.2,4.3,0.5,,,
W1,,Bitter Springs,-1424.2,523.3,,,,,
